Scalar,data,"SurfaceValue(Surface(PDF_Geometry_3), VOLTAGE)",
NumElems,136,,
3.00E-07,-1.92E-03,3.46E-08,"		1.0000511523395335e+00"
3.50E-07,-1.92E-03,3.46E-08,"		1.0000438454399911e+00"
3.50E-07,-1.93E-03,3.46E-08,"		1.0000122661915678e+00"
4.00E-07,-1.92E-03,3.46E-08,"		1.0000368283614438e+00"
4.00E-07,-1.93E-03,3.46E-08,"		1.0000106863713933e+00"
4.00E-07,-1.93E-03,3.46E-08,"		9.9999515705355402e-01"
3.00E-07,-1.92E-03,3.46E-08,"		1.0000511523395335e+00"
3.50E-07,-1.93E-03,3.46E-08,"		1.0000122661915678e+00"
3.00E-07,-1.93E-03,3.46E-08,"		1.0000134290882412e+00"
4.00E-07,-1.93E-03,3.46E-08,"		9.9999515705355402e-01"
3.50E-07,-1.93E-03,3.46E-08,"		9.9999477910905554e-01"
3.00E-07,-1.93E-03,3.46E-08,"		9.9999441792075572e-01"
4.00E-07,-1.93E-03,3.46E-08,"		9.9999645528899295e-01"
4.00E-07,-1.93E-03,3.46E-08,"		9.9998396519823241e-01"
3.50E-07,-1.93E-03,3.46E-08,"		9.9998531778152067e-01"
4.00E-07,-1.93E-03,3.46E-08,"		9.9997803689410070e-01"
3.50E-07,-1.93E-03,3.46E-08,"		9.9997912278536982e-01"
3.00E-07,-1.93E-03,3.46E-08,"		9.9998010186987341e-01"
4.00E-07,-1.93E-03,3.46E-08,"		9.9999645528899295e-01"
3.50E-07,-1.93E-03,3.46E-08,"		9.9998531778152067e-01"
3.50E-07,-1.93E-03,3.46E-08,"		1.0000032553965865e+00"
3.00E-07,-1.93E-03,3.46E-08,"		9.9998010186987341e-01"
3.00E-07,-1.93E-03,3.46E-08,"		9.9996576007927129e-01"
3.00E-07,-1.93E-03,3.46E-08,"		9.9999441792075572e-01"
3.00E-07,-1.93E-03,3.46E-08,"		9.9999441792075572e-01"
3.50E-07,-1.93E-03,3.46E-08,"		9.9999477910905554e-01"
3.50E-07,-1.93E-03,3.46E-08,"		1.0000032553965865e+00"
4.00E-07,-1.93E-03,3.46E-08,"		9.9999515705355402e-01"
4.00E-07,-1.93E-03,3.46E-08,"		9.9999163063441032e-01"
4.00E-07,-1.93E-03,3.46E-08,"		9.9999645528899295e-01"
4.00E-07,-1.93E-03,3.46E-08,"		9.9993585945014374e-01"
3.50E-07,-1.93E-03,3.46E-08,"		9.9997629956873491e-01"
4.00E-07,-1.93E-03,3.46E-08,"		9.9997049193473686e-01"
3.00E-07,-1.93E-03,3.46E-08,"		9.9998010186987341e-01"
3.50E-07,-1.93E-03,3.46E-08,"		9.9997912278536982e-01"
4.00E-07,-1.93E-03,3.46E-08,"		9.9997803689410070e-01"
4.00E-07,-1.94E-03,3.46E-08,"		1.0000003350552364e+00"
3.50E-07,-1.94E-03,3.46E-08,"		1.0000029441284133e+00"
4.00E-07,-1.94E-03,3.46E-08,"		9.9996770774546873e-01"
3.00E-07,-1.94E-03,3.46E-08,"		1.0000061964547904e+00"
3.50E-07,-1.94E-03,3.46E-08,"		9.9997104054177011e-01"
4.00E-07,-1.93E-03,3.46E-08,"		9.9993585945014374e-01"
3.00E-07,-1.94E-03,3.46E-08,"		1.0000061964547904e+00"
3.00E-07,-1.93E-03,3.46E-08,"		9.9997239612221023e-01"
3.50E-07,-1.94E-03,3.46E-08,"		9.9997104054177011e-01"
3.00E-07,-1.93E-03,3.46E-08,"		9.9998010186987341e-01"
3.50E-07,-1.93E-03,3.46E-08,"		9.9997629956873491e-01"
4.00E-07,-1.93E-03,3.46E-08,"		9.9993585945014374e-01"
4.00E-07,-1.94E-03,3.46E-08,"		9.9999330585756152e-01"
4.00E-07,-1.94E-03,3.46E-08,"		9.9999076434959888e-01"
3.50E-07,-1.94E-03,3.46E-08,"		9.9999106737745502e-01"
4.00E-07,-1.94E-03,3.46E-08,"		9.9999382520713564e-01"
3.50E-07,-1.94E-03,3.46E-08,"		9.9997363409780737e-01"
3.00E-07,-1.94E-03,3.46E-08,"		9.9992145628308016e-01"
4.00E-07,-1.94E-03,3.46E-08,"		9.9999330585756152e-01"
3.50E-07,-1.94E-03,3.46E-08,"		9.9999106737745502e-01"
3.50E-07,-1.94E-03,3.46E-08,"		1.0000000440613128e+00"
3.00E-07,-1.94E-03,3.46E-08,"		9.9992145628308016e-01"
3.00E-07,-1.94E-03,3.46E-08,"		9.9998265024005173e-01"
3.00E-07,-1.94E-03,3.46E-08,"		1.0000061964547904e+00"
4.00E-07,-1.94E-03,3.46E-08,"		9.9999330585756152e-01"
3.50E-07,-1.94E-03,3.46E-08,"		1.0000000440613128e+00"
4.00E-07,-1.94E-03,3.46E-08,"		9.9999792874173599e-01"
3.00E-07,-1.94E-03,3.46E-08,"		1.0000061964547904e+00"
3.50E-07,-1.94E-03,3.46E-08,"		1.0000029441284133e+00"
4.00E-07,-1.94E-03,3.46E-08,"		1.0000003350552364e+00"
3.00E-07,-1.94E-03,3.46E-08,"		9.9992145628308016e-01"
3.50E-07,-1.94E-03,3.46E-08,"		9.9997363409780737e-01"
3.50E-07,-1.94E-03,3.46E-08,"		9.9995837996112202e-01"
4.00E-07,-1.94E-03,3.46E-08,"		9.9999382520713564e-01"
4.00E-07,-1.94E-03,3.46E-08,"		9.9999981359256718e-01"
4.00E-07,-1.94E-03,3.46E-08,"		1.0000207171201838e+00"
3.00E-07,-1.94E-03,3.46E-08,"		9.9992145628308016e-01"
3.50E-07,-1.94E-03,3.46E-08,"		9.9995837996112202e-01"
3.00E-07,-1.94E-03,3.46E-08,"		9.9996060768174777e-01"
4.00E-07,-1.94E-03,3.46E-08,"		1.0000207171201838e+00"
3.50E-07,-1.94E-03,3.46E-08,"		1.0000226478320562e+00"
3.00E-07,-1.94E-03,3.46E-08,"		1.0000245520309741e+00"
4.00E-07,-1.95E-03,3.46E-08,"		1.0000170410507829e+00"
4.00E-07,-1.95E-03,3.46E-08,"		1.0000041165386915e+00"
3.50E-07,-1.95E-03,3.46E-08,"		1.0000064264506114e+00"
4.00E-07,-1.95E-03,3.46E-08,"		9.9999974129208857e-01"
3.50E-07,-1.95E-03,3.46E-08,"		1.0000002802522059e+00"
3.00E-07,-1.95E-03,3.46E-08,"		1.0000006207330616e+00"
4.00E-07,-1.95E-03,3.46E-08,"		1.0000170410507829e+00"
3.50E-07,-1.95E-03,3.46E-08,"		1.0000262132515807e+00"
4.00E-07,-1.95E-03,3.46E-08,"		1.0000325851524139e+00"
3.00E-07,-1.94E-03,3.46E-08,"		1.0000245520309741e+00"
3.50E-07,-1.94E-03,3.46E-08,"		1.0000226478320562e+00"
4.00E-07,-1.94E-03,3.46E-08,"		1.0000207171201838e+00"
4.00E-07,-1.95E-03,3.46E-08,"		1.0000170410507829e+00"
3.50E-07,-1.95E-03,3.46E-08,"		1.0000064264506114e+00"
3.50E-07,-1.95E-03,3.46E-08,"		1.0000262132515807e+00"
3.00E-07,-1.95E-03,3.46E-08,"		1.0000006207330616e+00"
3.00E-07,-1.95E-03,3.46E-08,"		1.0000173633103231e+00"
3.00E-07,-1.94E-03,3.46E-08,"		1.0000245520309741e+00"
3.00E-07,-1.95E-03,3.46E-08,"		9.9994021351966955e-01"
3.00E-07,-1.95E-03,3.46E-08,"		1.0000149677894394e+00"
3.50E-07,-1.95E-03,3.46E-08,"		1.0000197239449662e+00"
3.00E-07,-1.95E-03,3.46E-08,"		1.0000006207330616e+00"
3.50E-07,-1.95E-03,3.46E-08,"		1.0000002802522059e+00"
4.00E-07,-1.95E-03,3.46E-08,"		9.9999974129208857e-01"
4.00E-07,-1.95E-03,3.46E-08,"		9.9986550984677136e-01"
3.50E-07,-1.95E-03,3.46E-08,"		9.9989832800056710e-01"
4.00E-07,-1.95E-03,3.46E-08,"		1.0000676864771947e+00"
3.00E-07,-1.95E-03,3.46E-08,"		9.9994021351966955e-01"
3.50E-07,-1.95E-03,3.46E-08,"		1.0000197239449662e+00"
4.00E-07,-1.95E-03,3.46E-08,"		9.9999974129208857e-01"
4.00E-07,-1.96E-03,3.46E-08,"		9.9978550340343553e-01"
3.50E-07,-1.95E-03,3.46E-08,"		9.9983514455244193e-01"
4.00E-07,-1.95E-03,3.46E-08,"		9.9981163853059962e-01"
3.00E-07,-1.95E-03,3.46E-08,"		9.9994021351966955e-01"
3.50E-07,-1.95E-03,3.46E-08,"		9.9989832800056710e-01"
4.00E-07,-1.95E-03,3.46E-08,"		9.9986550984677136e-01"
3.00E-07,-1.95E-03,3.46E-08,"		9.9994021351966955e-01"
3.50E-07,-1.95E-03,3.46E-08,"		9.9983514455244193e-01"
3.00E-07,-1.95E-03,3.46E-08,"		9.9990365959915295e-01"
4.00E-07,-1.96E-03,3.46E-08,"		9.9978550340343553e-01"
3.50E-07,-1.96E-03,3.46E-08,"		9.9990316016300729e-01"
3.00E-07,-1.96E-03,3.46E-08,"		9.9996030665887770e-01"
4.00E-07,-1.96E-03,3.46E-08,"		9.9978550340343553e-01"
4.00E-07,-1.96E-03,3.47E-08,"		9.9994874781331045e-01"
3.50E-07,-1.96E-03,3.46E-08,"		9.9990316016300729e-01"
4.00E-07,-1.96E-03,3.47E-08,"		1.0000381161630765e+00"
3.50E-07,-1.96E-03,3.47E-08,"		9.9993190756188288e-01"
3.00E-07,-1.96E-03,3.46E-08,"		9.9996030665887770e-01"
3.00E-07,-1.96E-03,3.46E-08,"		9.9996030665887770e-01"
3.50E-07,-1.96E-03,3.47E-08,"		9.9993190756188288e-01"
3.00E-07,-1.96E-03,3.47E-08,"		9.9993411809349075e-01"
4.00E-07,-1.96E-03,3.47E-08,"		1.0000381161630765e+00"
3.50E-07,-1.96E-03,3.47E-08,"		1.0000139489775197e+00"
3.00E-07,-1.96E-03,3.47E-08,"		9.9999750621024819e-01"
4.00E-07,-1.96E-03,3.47E-08,"		9.9993232391183207e-01"
4.00E-07,-1.96E-03,3.47E-08,"		9.9994554741253050e-01"
3.50E-07,-1.96E-03,3.47E-08,"		9.9993081587181432e-01"
4.00E-07,-1.96E-03,3.47E-08,"		9.9989834426216118e-01"
3.50E-07,-1.96E-03,3.47E-08,"		9.9990456802123751e-01"
3.00E-07,-1.96E-03,3.47E-08,"		9.9991151478537232e-01"
4.00E-07,-1.96E-03,3.47E-08,"		9.9993232391183207e-01"
3.50E-07,-1.96E-03,3.47E-08,"		9.9993081587181432e-01"
3.50E-07,-1.96E-03,3.47E-08,"		9.9993818754277319e-01"
3.00E-07,-1.96E-03,3.47E-08,"		9.9991151478537232e-01"
3.00E-07,-1.96E-03,3.47E-08,"		9.9992209634698381e-01"
3.00E-07,-1.96E-03,3.47E-08,"		9.9999750621024819e-01"
4.00E-07,-1.96E-03,3.47E-08,"		9.9993232391183207e-01"
3.50E-07,-1.96E-03,3.47E-08,"		9.9993818754277319e-01"
4.00E-07,-1.96E-03,3.47E-08,"		9.9995503373857053e-01"
3.00E-07,-1.96E-03,3.47E-08,"		9.9999750621024819e-01"
3.50E-07,-1.96E-03,3.47E-08,"		1.0000139489775197e+00"
4.00E-07,-1.96E-03,3.47E-08,"		1.0000381161630765e+00"
4.00E-07,-1.96E-03,3.47E-08,"		9.9989834426216118e-01"
4.00E-07,-1.97E-03,3.47E-08,"		1.0000079400686843e+00"
3.50E-07,-1.96E-03,3.47E-08,"		9.9990456802123751e-01"
4.00E-07,-1.97E-03,3.47E-08,"		1.0000097658244584e+00"
3.50E-07,-1.97E-03,3.47E-08,"		1.0000245723604133e+00"
3.00E-07,-1.96E-03,3.47E-08,"		9.9991151478537232e-01"
4.00E-07,-1.97E-03,3.47E-08,"		1.0000097658244584e+00"
3.50E-07,-1.97E-03,3.47E-08,"		9.9999662568416847e-01"
3.50E-07,-1.97E-03,3.47E-08,"		1.0000245723604133e+00"
3.00E-07,-1.97E-03,3.47E-08,"		9.9999750539702192e-01"
3.00E-07,-1.97E-03,3.47E-08,"		1.0000227841533338e+00"
3.00E-07,-1.96E-03,3.47E-08,"		9.9991151478537232e-01"
4.00E-07,-1.97E-03,3.48E-08,"		9.9997417323434290e-01"
3.50E-07,-1.97E-03,3.48E-08,"		9.9997989146160027e-01"
4.00E-07,-1.97E-03,3.48E-08,"		9.9997150881672736e-01"
3.00E-07,-1.97E-03,3.48E-08,"		9.9998404353247883e-01"
3.50E-07,-1.97E-03,3.48E-08,"		9.9997496742768388e-01"
4.00E-07,-1.97E-03,3.48E-08,"		9.9998343245879062e-01"
4.00E-07,-1.97E-03,3.48E-08,"		9.9998343245879062e-01"
3.50E-07,-1.97E-03,3.47E-08,"		9.9998657799354784e-01"
4.00E-07,-1.97E-03,3.47E-08,"		1.0000000458346161e+00"
3.00E-07,-1.97E-03,3.47E-08,"		9.9999750539702192e-01"
3.50E-07,-1.97E-03,3.47E-08,"		9.9999662568416847e-01"
4.00E-07,-1.97E-03,3.47E-08,"		1.0000097658244584e+00"
3.00E-07,-1.97E-03,3.48E-08,"		9.9997987498084884e-01"
3.00E-07,-1.97E-03,3.47E-08,"		9.9998279049148964e-01"
3.50E-07,-1.97E-03,3.48E-08,"		9.9998155771290831e-01"
3.00E-07,-1.97E-03,3.47E-08,"		9.9999750539702192e-01"
3.50E-07,-1.97E-03,3.47E-08,"		9.9998657799354784e-01"
4.00E-07,-1.97E-03,3.48E-08,"		9.9998343245879062e-01"
3.00E-07,-1.97E-03,3.48E-08,"		9.9997987498084884e-01"
3.50E-07,-1.97E-03,3.48E-08,"		9.9998155771290831e-01"
3.00E-07,-1.97E-03,3.48E-08,"		9.9997724943982436e-01"
4.00E-07,-1.97E-03,3.48E-08,"		9.9998343245879062e-01"
3.50E-07,-1.97E-03,3.48E-08,"		9.9997496742768388e-01"
3.00E-07,-1.97E-03,3.48E-08,"		9.9998404353247883e-01"
3.00E-07,-1.98E-03,3.48E-08,"		9.9997312013283146e-01"
3.00E-07,-1.97E-03,3.48E-08,"		9.9996627698065765e-01"
3.50E-07,-1.97E-03,3.48E-08,"		9.9996910615945267e-01"
3.00E-07,-1.97E-03,3.48E-08,"		9.9998404353247883e-01"
3.50E-07,-1.97E-03,3.48E-08,"		9.9997989146160027e-01"
4.00E-07,-1.97E-03,3.48E-08,"		9.9997417323434290e-01"
4.00E-07,-1.98E-03,3.49E-08,"		1.0000114192339180e+00"
3.50E-07,-1.98E-03,3.49E-08,"		1.0000194701899650e+00"
3.50E-07,-1.98E-03,3.48E-08,"		9.9998886861686698e-01"
3.00E-07,-1.98E-03,3.49E-08,"		1.0000280419103160e+00"
3.00E-07,-1.98E-03,3.48E-08,"		9.9999235131022857e-01"
3.00E-07,-1.98E-03,3.48E-08,"		9.9997312013283146e-01"
3.00E-07,-1.98E-03,3.48E-08,"		9.9997312013283146e-01"
3.50E-07,-1.97E-03,3.48E-08,"		9.9996910615945267e-01"
3.50E-07,-1.98E-03,3.48E-08,"		9.9998886861686698e-01"
4.00E-07,-1.97E-03,3.48E-08,"		9.9997417323434290e-01"
4.00E-07,-1.98E-03,3.48E-08,"		9.9997070118587172e-01"
4.00E-07,-1.98E-03,3.49E-08,"		1.0000114192339180e+00"
3.00E-07,-1.98E-03,3.49E-08,"		1.0000280419103160e+00"
3.50E-07,-1.98E-03,3.49E-08,"		1.0000194701899650e+00"
3.00E-07,-1.98E-03,3.49E-08,"		1.0000072035551584e+00"
4.00E-07,-1.98E-03,3.49E-08,"		1.0000114192339180e+00"
3.50E-07,-1.98E-03,3.49E-08,"		1.0000114522889261e+00"
3.00E-07,-1.98E-03,3.50E-08,"		1.0000225399090101e+00"
4.00E-07,-1.98E-03,3.50E-08,"		1.0000116787242304e+00"
3.50E-07,-1.98E-03,3.50E-08,"		1.0000168419139337e+00"
4.00E-07,-1.98E-03,3.49E-08,"		1.0000121642073778e+00"
3.00E-07,-1.98E-03,3.50E-08,"		1.0000225399090101e+00"
3.50E-07,-1.98E-03,3.49E-08,"		1.0000114522889261e+00"
4.00E-07,-1.98E-03,3.49E-08,"		1.0000114192339180e+00"
3.00E-07,-1.98E-03,3.50E-08,"		1.0000225399090101e+00"
3.50E-07,-1.98E-03,3.50E-08,"		1.0000168419139337e+00"
3.00E-07,-1.98E-03,3.50E-08,"		9.9997390644331086e-01"
4.00E-07,-1.98E-03,3.50E-08,"		1.0000116787242304e+00"
3.50E-07,-1.98E-03,3.50E-08,"		9.9997482956369421e-01"
3.00E-07,-1.99E-03,3.51E-08,"		9.9999146026053842e-01"
4.00E-07,-1.99E-03,3.51E-08,"		9.9999305937495531e-01"
3.50E-07,-1.99E-03,3.51E-08,"		9.9999228051478339e-01"
4.00E-07,-1.98E-03,3.50E-08,"		9.9997245063273321e-01"
3.00E-07,-1.99E-03,3.51E-08,"		9.9999146026053842e-01"
3.50E-07,-1.98E-03,3.50E-08,"		9.9997482956369421e-01"
4.00E-07,-1.98E-03,3.50E-08,"		1.0000116787242304e+00"
3.00E-07,-1.99E-03,3.51E-08,"		9.9999146026053842e-01"
3.50E-07,-1.99E-03,3.51E-08,"		9.9999228051478339e-01"
3.50E-07,-1.99E-03,3.52E-08,"		9.9999102091827341e-01"
4.00E-07,-1.99E-03,3.51E-08,"		9.9999305937495531e-01"
4.00E-07,-1.99E-03,3.52E-08,"		9.9998165103172731e-01"
4.00E-07,-1.99E-03,3.53E-08,"		9.9998073097866191e-01"
3.00E-07,-1.99E-03,3.51E-08,"		9.9999146026053842e-01"
3.50E-07,-1.99E-03,3.52E-08,"		9.9999102091827341e-01"
3.00E-07,-1.99E-03,3.52E-08,"		9.9999999341882684e-01"
4.00E-07,-1.99E-03,3.53E-08,"		9.9998073097866191e-01"
3.50E-07,-1.99E-03,3.53E-08,"		9.9998060807080491e-01"
3.00E-07,-1.99E-03,3.53E-08,"		9.9998050344511846e-01"
3.00E-07,-1.99E-03,3.56E-08,"		9.9998602405117853e-01"
3.00E-07,-1.99E-03,3.54E-08,"		9.9999901338969710e-01"
3.50E-07,-1.99E-03,3.54E-08,"		9.9999483383225596e-01"
3.00E-07,-1.99E-03,3.53E-08,"		9.9998050344511846e-01"
3.50E-07,-1.99E-03,3.53E-08,"		9.9998060807080491e-01"
4.00E-07,-1.99E-03,3.53E-08,"		9.9998073097866191e-01"
4.00E-07,-1.99E-03,3.56E-08,"		9.9999296043819719e-01"
3.50E-07,-1.99E-03,3.56E-08,"		9.9998944548926394e-01"
4.00E-07,-1.99E-03,3.54E-08,"		9.9999615913876649e-01"
3.00E-07,-1.99E-03,3.56E-08,"		9.9998602405117853e-01"
3.50E-07,-1.99E-03,3.54E-08,"		9.9999483383225596e-01"
4.00E-07,-1.99E-03,3.53E-08,"		9.9998073097866191e-01"
4.00E-07,-2.00E-03,3.58E-08,"		9.9997409484186994e-01"
4.00E-07,-2.00E-03,3.59E-08,"		9.9998879457073020e-01"
3.50E-07,-2.00E-03,3.59E-08,"		9.9999140018416421e-01"
4.00E-07,-2.00E-03,3.60E-08,"		1.0000348342944205e+00"
3.50E-07,-2.00E-03,3.60E-08,"		1.0000371544623303e+00"
3.00E-07,-2.00E-03,3.60E-08,"		1.0000391186698523e+00"
4.00E-07,-2.00E-03,3.58E-08,"		9.9997409484186994e-01"
3.50E-07,-2.00E-03,3.59E-08,"		9.9999140018416421e-01"
3.50E-07,-1.99E-03,3.57E-08,"		9.9997018550997174e-01"
3.00E-07,-2.00E-03,3.60E-08,"		1.0000391186698523e+00"
3.00E-07,-2.00E-03,3.58E-08,"		9.9997006174742775e-01"
3.00E-07,-1.99E-03,3.56E-08,"		9.9998602405117853e-01"
4.00E-07,-2.00E-03,3.58E-08,"		9.9997409484186994e-01"
3.50E-07,-1.99E-03,3.57E-08,"		9.9997018550997174e-01"
4.00E-07,-1.99E-03,3.57E-08,"		9.9996660784187652e-01"
3.00E-07,-1.99E-03,3.56E-08,"		9.9998602405117853e-01"
3.50E-07,-1.99E-03,3.56E-08,"		9.9998944548926394e-01"
4.00E-07,-1.99E-03,3.56E-08,"		9.9999296043819719e-01"
3.00E-07,-2.00E-03,3.63E-08,"		9.9997853538516301e-01"
3.00E-07,-2.00E-03,3.61E-08,"		9.9999880381329120e-01"
3.50E-07,-2.00E-03,3.61E-08,"		9.9999634074336263e-01"
3.00E-07,-2.00E-03,3.60E-08,"		1.0000391186698523e+00"
3.50E-07,-2.00E-03,3.60E-08,"		1.0000371544623303e+00"
4.00E-07,-2.00E-03,3.60E-08,"		1.0000348342944205e+00"
3.00E-07,-2.00E-03,3.63E-08,"		9.9997853538516301e-01"
3.50E-07,-2.00E-03,3.61E-08,"		9.9999634074336263e-01"
3.50E-07,-2.00E-03,3.64E-08,"		9.9997195159736274e-01"
4.00E-07,-2.00E-03,3.60E-08,"		1.0000348342944205e+00"
4.00E-07,-2.00E-03,3.63E-08,"		9.9994714139798901e-01"
4.00E-07,-2.00E-03,3.65E-08,"		9.9996501139643901e-01"
3.00E-07,-2.00E-03,3.65E-08,"		9.9997247263048594e-01"
3.00E-07,-2.00E-03,3.64E-08,"		9.9997162373748005e-01"
3.50E-07,-2.00E-03,3.65E-08,"		9.9996863718928952e-01"
3.00E-07,-2.00E-03,3.63E-08,"		9.9997853538516301e-01"
3.50E-07,-2.00E-03,3.64E-08,"		9.9997195159736274e-01"
4.00E-07,-2.00E-03,3.65E-08,"		9.9996501139643901e-01"
3.00E-07,-2.00E-03,3.69E-08,"		1.0000236614265556e+00"
3.50E-07,-2.00E-03,3.71E-08,"		1.0000230353685817e+00"
3.00E-07,-2.00E-03,3.71E-08,"		1.0000065791967596e+00"
4.00E-07,-2.01E-03,3.73E-08,"		1.0000053125804349e+00"
3.50E-07,-2.01E-03,3.73E-08,"		9.9997855465751662e-01"
3.00E-07,-2.01E-03,3.73E-08,"		9.9996451684999932e-01"
4.00E-07,-2.00E-03,3.65E-08,"		9.9996501139643901e-01"
4.00E-07,-2.00E-03,3.69E-08,"		1.0001056197682634e+00"
3.50E-07,-2.00E-03,3.67E-08,"		1.0000225988159739e+00"
4.00E-07,-2.01E-03,3.73E-08,"		1.0000053125804349e+00"
3.50E-07,-2.00E-03,3.71E-08,"		1.0000230353685817e+00"
3.00E-07,-2.00E-03,3.69E-08,"		1.0000236614265556e+00"
3.00E-07,-2.00E-03,3.69E-08,"		1.0000236614265556e+00"
3.00E-07,-2.00E-03,3.67E-08,"		1.0000225969116392e+00"
3.50E-07,-2.00E-03,3.67E-08,"		1.0000225988159739e+00"
3.00E-07,-2.00E-03,3.65E-08,"		9.9997247263048594e-01"
3.50E-07,-2.00E-03,3.65E-08,"		9.9996863718928952e-01"
4.00E-07,-2.00E-03,3.65E-08,"		9.9996501139643901e-01"
4.00E-07,-2.01E-03,3.73E-08,"		1.0000053125804349e+00"
4.00E-07,-2.01E-03,3.76E-08,"		1.0000298307524782e+00"
3.50E-07,-2.01E-03,3.73E-08,"		9.9997855465751662e-01"
4.00E-07,-2.01E-03,3.79E-08,"		1.0000136256588692e+00"
3.50E-07,-2.01E-03,3.76E-08,"		1.0000055377269899e+00"
3.00E-07,-2.01E-03,3.73E-08,"		9.9996451684999932e-01"
4.00E-07,-2.01E-03,3.79E-08,"		1.0000136256588692e+00"
3.50E-07,-2.01E-03,3.82E-08,"		1.0000047728779429e+00"
3.50E-07,-2.01E-03,3.76E-08,"		1.0000055377269899e+00"
3.00E-07,-2.01E-03,3.85E-08,"		9.9999342698595339e-01"
3.00E-07,-2.01E-03,3.79E-08,"		1.0000137442219892e+00"
3.00E-07,-2.01E-03,3.73E-08,"		9.9996451684999932e-01"
4.00E-07,-2.01E-03,3.79E-08,"		1.0000136256588692e+00"
4.00E-07,-2.01E-03,3.82E-08,"		1.0000089266976999e+00"
3.50E-07,-2.01E-03,3.82E-08,"		1.0000047728779429e+00"
4.00E-07,-2.01E-03,3.85E-08,"		9.9999443777390162e-01"
3.50E-07,-2.01E-03,3.85E-08,"		9.9999365014388475e-01"
3.00E-07,-2.01E-03,3.85E-08,"		9.9999342698595339e-01"
3.00E-07,-2.01E-03,3.85E-08,"		9.9999342698595339e-01"
3.50E-07,-2.01E-03,3.85E-08,"		9.9999365014388475e-01"
3.00E-07,-2.01E-03,3.93E-08,"		1.0000023580785153e+00"
4.00E-07,-2.01E-03,3.85E-08,"		9.9999443777390162e-01"
3.50E-07,-2.01E-03,3.93E-08,"		1.0000306494494686e+00"
3.00E-07,-2.01E-03,4.01E-08,"		9.9998884788394604e-01"
4.00E-07,-2.01E-03,4.01E-08,"		9.9998214255640494e-01"
3.50E-07,-2.01E-03,4.01E-08,"		9.9998512143896923e-01"
4.00E-07,-2.01E-03,3.93E-08,"		9.9999120866560731e-01"
3.00E-07,-2.01E-03,4.01E-08,"		9.9998884788394604e-01"
3.50E-07,-2.01E-03,3.93E-08,"		1.0000306494494686e+00"
4.00E-07,-2.01E-03,3.85E-08,"		9.9999443777390162e-01"
3.00E-07,-2.01E-03,4.01E-08,"		9.9998884788394604e-01"
3.50E-07,-2.01E-03,4.01E-08,"		9.9998512143896923e-01"
3.00E-07,-2.01E-03,4.07E-08,"		9.9996561902826653e-01"
4.00E-07,-2.01E-03,4.01E-08,"		9.9998214255640494e-01"
3.50E-07,-2.01E-03,4.07E-08,"		9.9996226610465411e-01"
3.00E-07,-2.02E-03,4.13E-08,"		9.9998558073264099e-01"
3.00E-07,-2.02E-03,4.13E-08,"		9.9998558073264099e-01"
3.50E-07,-2.01E-03,4.07E-08,"		9.9996226610465411e-01"
3.50E-07,-2.02E-03,4.19E-08,"		1.0000379666793617e+00"
4.00E-07,-2.01E-03,4.01E-08,"		9.9998214255640494e-01"
4.00E-07,-2.02E-03,4.13E-08,"		9.9999053662480442e-01"
4.00E-07,-2.02E-03,4.25E-08,"		1.0001943082969031e+00"
4.00E-07,-2.02E-03,4.25E-08,"		1.0001943082969031e+00"
3.50E-07,-2.02E-03,4.25E-08,"		1.0000997246535437e+00"
3.50E-07,-2.02E-03,4.19E-08,"		1.0000379666793617e+00"
3.00E-07,-2.02E-03,4.25E-08,"		1.0000338977241050e+00"
3.00E-07,-2.02E-03,4.19E-08,"		9.9999452947741241e-01"
3.00E-07,-2.02E-03,4.13E-08,"		9.9998558073264099e-01"
3.00E-07,-2.02E-03,4.70E-08,"		9.9992610431145923e-01"
3.50E-07,-2.02E-03,4.59E-08,"		9.9994614675418836e-01"
3.50E-07,-2.02E-03,4.70E-08,"		9.9999856638128692e-01"
4.00E-07,-2.02E-03,4.48E-08,"		1.0000981350329092e+00"
4.00E-07,-2.02E-03,4.59E-08,"		1.0000068402742344e+00"
4.00E-07,-2.02E-03,4.70E-08,"		1.0000697738358113e+00"
3.00E-07,-2.02E-03,4.25E-08,"		1.0000338977241050e+00"
3.50E-07,-2.02E-03,4.36E-08,"		1.0000801985197034e+00"
3.00E-07,-2.02E-03,4.48E-08,"		1.0001349374020132e+00"
4.00E-07,-2.02E-03,4.48E-08,"		1.0000981350329092e+00"
3.50E-07,-2.02E-03,4.59E-08,"		9.9994614675418836e-01"
3.00E-07,-2.02E-03,4.70E-08,"		9.9992610431145923e-01"
4.00E-07,-2.02E-03,4.25E-08,"		1.0001943082969031e+00"
4.00E-07,-2.02E-03,4.36E-08,"		1.0001364110749069e+00"
3.50E-07,-2.02E-03,4.25E-08,"		1.0000997246535437e+00"
4.00E-07,-2.02E-03,4.48E-08,"		1.0000981350329092e+00"
3.50E-07,-2.02E-03,4.36E-08,"		1.0000801985197034e+00"
3.00E-07,-2.02E-03,4.25E-08,"		1.0000338977241050e+00"
3.00E-07,-2.02E-03,5.03E-08,"		9.9999262832913816e-01"
3.00E-07,-2.02E-03,4.86E-08,"		1.0000776642574383e+00"
3.50E-07,-2.02E-03,4.86E-08,"		1.0001077259388012e+00"
3.00E-07,-2.02E-03,4.70E-08,"		9.9992610431145923e-01"
3.50E-07,-2.02E-03,4.70E-08,"		9.9999856638128692e-01"
4.00E-07,-2.02E-03,4.70E-08,"		1.0000697738358113e+00"
3.00E-07,-2.02E-03,5.03E-08,"		9.9999262832913816e-01"
3.50E-07,-2.02E-03,4.86E-08,"		1.0001077259388012e+00"
3.50E-07,-2.03E-03,5.20E-08,"		9.9993109220073051e-01"
4.00E-07,-2.02E-03,4.70E-08,"		1.0000697738358113e+00"
4.00E-07,-2.02E-03,5.03E-08,"		9.9980352147220786e-01"
4.00E-07,-2.03E-03,5.37E-08,"		9.9997238958937196e-01"
3.00E-07,-2.02E-03,5.03E-08,"		9.9999262832913816e-01"
3.50E-07,-2.03E-03,5.20E-08,"		9.9993109220073051e-01"
3.00E-07,-2.03E-03,5.20E-08,"		9.9987459119881439e-01"
4.00E-07,-2.03E-03,5.37E-08,"		9.9997238958937196e-01"
3.50E-07,-2.03E-03,5.37E-08,"		9.9996525735285891e-01"
3.00E-07,-2.03E-03,5.37E-08,"		9.9996114638250200e-01"
3.00E-07,-2.03E-03,6.75E-08,"		1.0000707018676627e+00"
3.00E-07,-2.03E-03,6.06E-08,"		9.9996870173359442e-01"
3.50E-07,-2.03E-03,6.06E-08,"		9.9996303431550893e-01"
3.00E-07,-2.03E-03,5.37E-08,"		9.9996114638250200e-01"
3.50E-07,-2.03E-03,5.37E-08,"		9.9996525735285891e-01"
4.00E-07,-2.03E-03,5.37E-08,"		9.9997238958937196e-01"
4.00E-07,-2.03E-03,5.37E-08,"		9.9997238958937196e-01"
4.00E-07,-2.03E-03,6.06E-08,"		9.9996402601306644e-01"
3.50E-07,-2.03E-03,6.06E-08,"		9.9996303431550893e-01"
4.00E-07,-2.03E-03,6.75E-08,"		1.0000626895620783e+00"
3.50E-07,-2.03E-03,6.75E-08,"		1.0000671228232969e+00"
3.00E-07,-2.03E-03,6.75E-08,"		1.0000707018676627e+00"
3.00E-07,-2.03E-03,7.78E-08,"		1.0000470550446816e+00"
3.50E-07,-2.03E-03,8.30E-08,"		1.0000936401973606e+00"
3.00E-07,-2.03E-03,8.30E-08,"		1.0001392436195824e+00"
4.00E-07,-2.03E-03,8.81E-08,"		1.0002039169060015e+00"
3.50E-07,-2.03E-03,8.81E-08,"		1.0002518756386005e+00"
3.00E-07,-2.03E-03,8.81E-08,"		1.0003045369068950e+00"
3.00E-07,-2.03E-03,7.78E-08,"		1.0000470550446816e+00"
3.50E-07,-2.03E-03,7.26E-08,"		1.0000090787002718e+00"
3.50E-07,-2.03E-03,8.30E-08,"		1.0000936401973606e+00"
4.00E-07,-2.03E-03,6.75E-08,"		1.0000626895620783e+00"
4.00E-07,-2.03E-03,7.78E-08,"		9.9999774591475121e-01"
4.00E-07,-2.03E-03,8.81E-08,"		1.0002039169060015e+00"
3.00E-07,-2.03E-03,7.78E-08,"		1.0000470550446816e+00"
3.00E-07,-2.03E-03,7.26E-08,"		1.0000215785792692e+00"
3.50E-07,-2.03E-03,7.26E-08,"		1.0000090787002718e+00"
3.00E-07,-2.03E-03,6.75E-08,"		1.0000707018676627e+00"
3.50E-07,-2.03E-03,6.75E-08,"		1.0000671228232969e+00"
4.00E-07,-2.03E-03,6.75E-08,"		1.0000626895620783e+00"
3.00E-07,-2.03E-03,8.81E-08,"		1.0003045369068950e+00"
3.50E-07,-2.03E-03,8.81E-08,"		1.0002518756386005e+00"
3.00E-07,-2.04E-03,1.02E-07,"		9.9985387771618939e-01"
4.00E-07,-2.03E-03,8.81E-08,"		1.0002039169060015e+00"
3.50E-07,-2.04E-03,1.02E-07,"		9.9983773447048485e-01"
3.00E-07,-2.04E-03,1.16E-07,"		9.9977711156903060e-01"
4.00E-07,-2.03E-03,8.81E-08,"		1.0002039169060015e+00"
4.00E-07,-2.04E-03,1.02E-07,"		9.9981727953308996e-01"
3.50E-07,-2.04E-03,1.02E-07,"		9.9983773447048485e-01"
4.00E-07,-2.04E-03,1.16E-07,"		9.9966476244679014e-01"
3.50E-07,-2.04E-03,1.16E-07,"		9.9972382558612449e-01"
3.00E-07,-2.04E-03,1.16E-07,"		9.9977711156903060e-01"
3.00E-07,-2.04E-03,1.34E-07,"		9.9972661481139391e-01"
3.00E-07,-2.04E-03,1.25E-07,"		9.9979512017054084e-01"
3.50E-07,-2.04E-03,1.25E-07,"		9.9989899754815015e-01"
3.00E-07,-2.04E-03,1.16E-07,"		9.9977711156903060e-01"
3.50E-07,-2.04E-03,1.16E-07,"		9.9972382558612449e-01"
4.00E-07,-2.04E-03,1.16E-07,"		9.9966476244679014e-01"
4.00E-07,-2.04E-03,1.52E-07,"		9.9816249784361866e-01"
3.50E-07,-2.04E-03,1.52E-07,"		9.9895538498770808e-01"
3.50E-07,-2.04E-03,1.43E-07,"		9.9939967437736543e-01"
3.00E-07,-2.04E-03,1.52E-07,"		9.9970904468630528e-01"
3.00E-07,-2.04E-03,1.43E-07,"		9.9972067938996689e-01"
3.00E-07,-2.04E-03,1.34E-07,"		9.9972661481139391e-01"
3.00E-07,-2.04E-03,1.34E-07,"		9.9972661481139391e-01"
3.50E-07,-2.04E-03,1.25E-07,"		9.9989899754815015e-01"
3.50E-07,-2.04E-03,1.43E-07,"		9.9939967437736543e-01"
4.00E-07,-2.04E-03,1.16E-07,"		9.9966476244679014e-01"
4.00E-07,-2.04E-03,1.34E-07,"		9.9993938417374839e-01"
4.00E-07,-2.04E-03,1.52E-07,"		9.9816249784361866e-01"
3.00E-07,-2.04E-03,1.52E-07,"		9.9970904468630528e-01"
3.50E-07,-2.04E-03,1.52E-07,"		9.9895538498770808e-01"
3.50E-07,-2.04E-03,1.59E-07,"		1.0001969183334773e+00"
4.00E-07,-2.04E-03,1.52E-07,"		9.9816249784361866e-01"
4.00E-07,-2.04E-03,1.59E-07,"		1.0000428691245162e+00"
4.00E-07,-2.04E-03,1.67E-07,"		9.9997867862691314e-01"
4.00E-07,-2.04E-03,1.67E-07,"		9.9997867862691314e-01"
3.50E-07,-2.04E-03,1.67E-07,"		9.9988292635261999e-01"
3.50E-07,-2.04E-03,1.59E-07,"		1.0001969183334773e+00"
3.00E-07,-2.04E-03,1.67E-07,"		9.9975899150432068e-01"
3.00E-07,-2.04E-03,1.59E-07,"		1.0002893494742511e+00"
3.00E-07,-2.04E-03,1.52E-07,"		9.9970904468630528e-01"
3.00E-07,-2.04E-03,1.67E-07,"		9.9975899150432068e-01"
3.50E-07,-2.04E-03,1.67E-07,"		9.9988292635261999e-01"
3.50E-07,-2.05E-03,1.75E-07,"		9.9984673816648606e-01"
4.00E-07,-2.04E-03,1.67E-07,"		9.9997867862691314e-01"
4.00E-07,-2.05E-03,1.75E-07,"		9.9985727565943505e-01"
4.00E-07,-2.05E-03,1.83E-07,"		9.9974125680982728e-01"
4.00E-07,-2.05E-03,1.83E-07,"		9.9974125680982728e-01"
3.50E-07,-2.05E-03,1.83E-07,"		9.9968415062223026e-01"
3.50E-07,-2.05E-03,1.75E-07,"		9.9984673816648606e-01"
3.00E-07,-2.05E-03,1.83E-07,"		9.9961564249905499e-01"
3.00E-07,-2.05E-03,1.75E-07,"		9.9982315193792892e-01"
3.00E-07,-2.04E-03,1.67E-07,"		9.9975899150432068e-01"
4.00E-07,-2.05E-03,1.83E-07,"		9.9974125680982728e-01"
3.50E-07,-2.05E-03,1.99E-07,"		9.9997027033520958e-01"
3.50E-07,-2.05E-03,1.83E-07,"		9.9968415062223026e-01"
3.00E-07,-2.05E-03,2.14E-07,"		9.9987355994816562e-01"
3.00E-07,-2.05E-03,1.99E-07,"		9.9995950171009029e-01"
3.00E-07,-2.05E-03,1.83E-07,"		9.9961564249905499e-01"
3.00E-07,-2.05E-03,2.14E-07,"		9.9987355994816562e-01"
3.50E-07,-2.05E-03,1.99E-07,"		9.9997027033520958e-01"
3.50E-07,-2.05E-03,2.14E-07,"		9.9987841588802095e-01"
4.00E-07,-2.05E-03,1.83E-07,"		9.9974125680982728e-01"
4.00E-07,-2.05E-03,1.99E-07,"		9.9996879313040887e-01"
4.00E-07,-2.05E-03,2.14E-07,"		9.9988321716080308e-01"
4.00E-07,-2.05E-03,2.14E-07,"		9.9988321716080308e-01"
4.00E-07,-2.05E-03,2.32E-07,"		9.9992766401681776e-01"
3.50E-07,-2.05E-03,2.14E-07,"		9.9987841588802095e-01"
4.00E-07,-2.05E-03,2.49E-07,"		1.0000206741169331e+00"
3.50E-07,-2.05E-03,2.32E-07,"		9.9986801298986716e-01"
3.00E-07,-2.05E-03,2.14E-07,"		9.9987355994816562e-01"
3.00E-07,-2.05E-03,2.14E-07,"		9.9987355994816562e-01"
3.50E-07,-2.05E-03,2.32E-07,"		9.9986801298986716e-01"
3.00E-07,-2.05E-03,2.32E-07,"		9.9982915046351084e-01"
4.00E-07,-2.05E-03,2.49E-07,"		1.0000206741169331e+00"
3.50E-07,-2.05E-03,2.49E-07,"		9.9998845104831713e-01"
3.00E-07,-2.05E-03,2.49E-07,"		9.9996060930339703e-01"
4.00E-07,-2.06E-03,2.78E-07,"		9.9957280556464634e-01"
3.50E-07,-2.06E-03,2.64E-07,"		9.9974110855209786e-01"
4.00E-07,-2.06E-03,2.64E-07,"		9.9975136463236447e-01"
3.00E-07,-2.05E-03,2.49E-07,"		9.9996060930339703e-01"
3.50E-07,-2.05E-03,2.49E-07,"		9.9998845104831713e-01"
4.00E-07,-2.05E-03,2.49E-07,"		1.0000206741169331e+00"
4.00E-07,-2.06E-03,2.78E-07,"		9.9957280556464634e-01"
3.50E-07,-2.06E-03,2.78E-07,"		9.9961712700561578e-01"
3.50E-07,-2.06E-03,2.64E-07,"		9.9974110855209786e-01"
3.00E-07,-2.06E-03,2.78E-07,"		9.9965920823058319e-01"
3.00E-07,-2.06E-03,2.64E-07,"		9.9973731323216430e-01"
3.00E-07,-2.05E-03,2.49E-07,"		9.9996060930339703e-01"
4.00E-07,-2.06E-03,2.78E-07,"		9.9957280556464634e-01"
3.50E-07,-2.06E-03,2.92E-07,"		9.9988857500952522e-01"
3.50E-07,-2.06E-03,2.78E-07,"		9.9961712700561578e-01"
3.00E-07,-2.06E-03,3.06E-07,"		9.9967400435703990e-01"
3.00E-07,-2.06E-03,2.92E-07,"		9.9993972097845829e-01"
3.00E-07,-2.06E-03,2.78E-07,"		9.9965920823058319e-01"
4.00E-07,-2.06E-03,2.78E-07,"		9.9957280556464634e-01"
4.00E-07,-2.06E-03,2.92E-07,"		9.9985448767274887e-01"
3.50E-07,-2.06E-03,2.92E-07,"		9.9988857500952522e-01"
4.00E-07,-2.06E-03,3.06E-07,"		9.9972104883196744e-01"
3.50E-07,-2.06E-03,3.06E-07,"		9.9969823966014815e-01"
3.00E-07,-2.06E-03,3.06E-07,"		9.9967400435703990e-01"
4.00E-07,-2.06E-03,3.22E-07,"		9.9879395854136654e-01"
4.00E-07,-2.07E-03,3.29E-07,"		9.9932954220159897e-01"
3.50E-07,-2.07E-03,3.29E-07,"		9.9928010738990958e-01"
4.00E-07,-2.07E-03,3.37E-07,"		1.0000068499266621e+00"
3.50E-07,-2.07E-03,3.37E-07,"		1.0000590447998572e+00"
3.00E-07,-2.07E-03,3.37E-07,"		1.0001070723294050e+00"
3.00E-07,-2.06E-03,3.06E-07,"		9.9967400435703990e-01"
3.50E-07,-2.06E-03,3.14E-07,"		9.9890623381403199e-01"
3.00E-07,-2.06E-03,3.22E-07,"		9.9863158418387998e-01"
4.00E-07,-2.06E-03,3.22E-07,"		9.9879395854136654e-01"
3.50E-07,-2.07E-03,3.29E-07,"		9.9928010738990958e-01"
3.00E-07,-2.07E-03,3.37E-07,"		1.0001070723294050e+00"
3.00E-07,-2.06E-03,3.06E-07,"		9.9967400435703990e-01"
3.50E-07,-2.06E-03,3.06E-07,"		9.9969823966014815e-01"
3.50E-07,-2.06E-03,3.14E-07,"		9.9890623381403199e-01"
4.00E-07,-2.06E-03,3.06E-07,"		9.9972104883196744e-01"
4.00E-07,-2.06E-03,3.14E-07,"		9.9894859315167572e-01"
4.00E-07,-2.06E-03,3.22E-07,"		9.9879395854136654e-01"
4.00E-07,-2.07E-03,3.50E-07,"		9.9988675443725428e-01"
3.50E-07,-2.07E-03,3.43E-07,"		9.9997403583479616e-01"
4.00E-07,-2.07E-03,3.43E-07,"		9.9994499000449943e-01"
3.00E-07,-2.07E-03,3.37E-07,"		1.0001070723294050e+00"
3.50E-07,-2.07E-03,3.37E-07,"		1.0000590447998572e+00"
4.00E-07,-2.07E-03,3.37E-07,"		1.0000068499266621e+00"
4.00E-07,-2.07E-03,3.50E-07,"		9.9988675443725428e-01"
3.50E-07,-2.07E-03,3.56E-07,"		9.9986099029068198e-01"
3.50E-07,-2.07E-03,3.43E-07,"		9.9997403583479616e-01"
3.00E-07,-2.07E-03,3.63E-07,"		9.9987610808043281e-01"
3.00E-07,-2.07E-03,3.50E-07,"		9.9990919477461238e-01"
3.00E-07,-2.07E-03,3.37E-07,"		1.0001070723294050e+00"
3.00E-07,-2.07E-03,3.63E-07,"		9.9987610808043281e-01"
3.50E-07,-2.07E-03,3.56E-07,"		9.9986099029068198e-01"
3.50E-07,-2.07E-03,3.63E-07,"		9.9980841202416493e-01"
4.00E-07,-2.07E-03,3.50E-07,"		9.9988675443725428e-01"
4.00E-07,-2.07E-03,3.56E-07,"		9.9981396700076774e-01"
4.00E-07,-2.07E-03,3.63E-07,"		9.9974223337776746e-01"
4.00E-07,-2.07E-03,3.75E-07,"		9.9972270993218970e-01"
4.00E-07,-2.07E-03,3.81E-07,"		9.9976594228109072e-01"
3.50E-07,-2.07E-03,3.81E-07,"		9.9972500077683357e-01"
4.00E-07,-2.08E-03,3.87E-07,"		9.9962590714224864e-01"
3.50E-07,-2.08E-03,3.87E-07,"		9.9966105415502449e-01"
3.00E-07,-2.08E-03,3.87E-07,"		9.9969505045812135e-01"
4.00E-07,-2.07E-03,3.75E-07,"		9.9972270993218970e-01"
3.50E-07,-2.07E-03,3.81E-07,"		9.9972500077683357e-01"
3.50E-07,-2.07E-03,3.69E-07,"		9.9972943046920160e-01"
3.00E-07,-2.08E-03,3.87E-07,"		9.9969505045812135e-01"
3.00E-07,-2.07E-03,3.75E-07,"		9.9970823594319058e-01"
3.00E-07,-2.07E-03,3.63E-07,"		9.9987610808043281e-01"
4.00E-07,-2.07E-03,3.75E-07,"		9.9972270993218970e-01"
3.50E-07,-2.07E-03,3.69E-07,"		9.9972943046920160e-01"
4.00E-07,-2.07E-03,3.69E-07,"		9.9969607305712516e-01"
3.00E-07,-2.07E-03,3.63E-07,"		9.9987610808043281e-01"
3.50E-07,-2.07E-03,3.63E-07,"		9.9980841202416493e-01"
4.00E-07,-2.07E-03,3.63E-07,"		9.9974223337776746e-01"
3.00E-07,-2.08E-03,4.01E-07,"		9.9986179604143821e-01"
3.00E-07,-2.08E-03,3.94E-07,"		9.9982542278355913e-01"
3.50E-07,-2.08E-03,3.94E-07,"		9.9990814888095625e-01"
3.00E-07,-2.08E-03,3.87E-07,"		9.9969505045812135e-01"
3.50E-07,-2.08E-03,3.87E-07,"		9.9966105415502449e-01"
4.00E-07,-2.08E-03,3.87E-07,"		9.9962590714224864e-01"
4.00E-07,-2.08E-03,4.01E-07,"		9.9994328836762203e-01"
3.50E-07,-2.08E-03,4.01E-07,"		9.9990800467270291e-01"
4.00E-07,-2.08E-03,3.94E-07,"		1.0000043524941258e+00"
3.00E-07,-2.08E-03,4.01E-07,"		9.9986179604143821e-01"
3.50E-07,-2.08E-03,3.94E-07,"		9.9990814888095625e-01"
4.00E-07,-2.08E-03,3.87E-07,"		9.9962590714224864e-01"
4.00E-07,-2.08E-03,4.01E-07,"		9.9994328836762203e-01"
3.50E-07,-2.08E-03,4.07E-07,"		1.0002626109857518e+00"
3.50E-07,-2.08E-03,4.01E-07,"		9.9990800467270291e-01"
3.00E-07,-2.08E-03,4.14E-07,"		1.0002464986836044e+00"
3.00E-07,-2.08E-03,4.07E-07,"		1.0000423784102170e+00"
3.00E-07,-2.08E-03,4.01E-07,"		9.9986179604143821e-01"
4.00E-07,-2.08E-03,4.01E-07,"		9.9994328836762203e-01"
4.00E-07,-2.08E-03,4.07E-07,"		1.0003341089914493e+00"
3.50E-07,-2.08E-03,4.07E-07,"		1.0002626109857518e+00"
4.00E-07,-2.08E-03,4.14E-07,"		1.0006736891764869e+00"
3.50E-07,-2.08E-03,4.14E-07,"		1.0004626491321702e+00"
3.00E-07,-2.08E-03,4.14E-07,"		1.0002464986836044e+00"
3.00E-07,-2.08E-03,4.25E-07,"		9.9986949083042631e-01"
3.00E-07,-2.08E-03,4.20E-07,"		9.9958447970295328e-01"
3.50E-07,-2.08E-03,4.20E-07,"		9.9951036168901808e-01"
3.00E-07,-2.08E-03,4.14E-07,"		1.0002464986836044e+00"
3.50E-07,-2.08E-03,4.14E-07,"		1.0004626491321702e+00"
4.00E-07,-2.08E-03,4.14E-07,"		1.0006736891764869e+00"
3.00E-07,-2.08E-03,4.25E-07,"		9.9986949083042631e-01"
3.50E-07,-2.08E-03,4.31E-07,"		1.0012202075777552e+00"
3.00E-07,-2.08E-03,4.31E-07,"		1.0012478776420934e+00"
4.00E-07,-2.08E-03,4.36E-07,"		1.0018830394221971e+00"
3.50E-07,-2.08E-03,4.36E-07,"		1.0018255888080085e+00"
3.00E-07,-2.08E-03,4.36E-07,"		1.0017563142070862e+00"
4.00E-07,-2.08E-03,4.25E-07,"		9.9972471300296029e-01"
3.50E-07,-2.08E-03,4.25E-07,"		9.9979876314826188e-01"
4.00E-07,-2.08E-03,4.20E-07,"		9.9951597138025605e-01"
3.00E-07,-2.08E-03,4.25E-07,"		9.9986949083042631e-01"
3.50E-07,-2.08E-03,4.20E-07,"		9.9951036168901808e-01"
4.00E-07,-2.08E-03,4.14E-07,"		1.0006736891764869e+00"
4.00E-07,-2.08E-03,4.25E-07,"		9.9972471300296029e-01"
4.00E-07,-2.08E-03,4.31E-07,"		1.0011629017037298e+00"
3.50E-07,-2.08E-03,4.25E-07,"		9.9979876314826188e-01"
4.00E-07,-2.08E-03,4.36E-07,"		1.0018830394221971e+00"
3.50E-07,-2.08E-03,4.31E-07,"		1.0012202075777552e+00"
3.00E-07,-2.08E-03,4.25E-07,"		9.9986949083042631e-01"
3.00E-07,-2.08E-03,4.36E-07,"		1.0017563142070862e+00"
3.50E-07,-2.08E-03,4.36E-07,"		1.0018255888080085e+00"
3.00E-07,-2.09E-03,4.47E-07,"		1.0004510154847328e+00"
4.00E-07,-2.08E-03,4.36E-07,"		1.0018830394221971e+00"
3.50E-07,-2.09E-03,4.47E-07,"		1.0007736562261034e+00"
3.00E-07,-2.09E-03,4.57E-07,"		1.0010236913849582e+00"
4.00E-07,-2.08E-03,4.36E-07,"		1.0018830394221971e+00"
4.00E-07,-2.09E-03,4.47E-07,"		1.0012572254561987e+00"
3.50E-07,-2.09E-03,4.47E-07,"		1.0007736562261034e+00"
4.00E-07,-2.09E-03,4.57E-07,"		1.0012486816759287e+00"
3.50E-07,-2.09E-03,4.57E-07,"		1.0011456955922773e+00"
3.00E-07,-2.09E-03,4.57E-07,"		1.0010236913849582e+00"
4.00E-07,-2.09E-03,4.80E-07,"		9.9811018776887672e-01"
3.50E-07,-2.09E-03,4.80E-07,"		9.9811684262450173e-01"
4.00E-07,-2.09E-03,4.74E-07,"		9.9972989817261426e-01"
3.00E-07,-2.09E-03,4.80E-07,"		9.9810733547279118e-01"
3.50E-07,-2.09E-03,4.74E-07,"		9.9969905164221595e-01"
4.00E-07,-2.09E-03,4.69E-07,"		1.0007457153104899e+00"
3.00E-07,-2.09E-03,4.57E-07,"		1.0010236913849582e+00"
3.50E-07,-2.09E-03,4.63E-07,"		1.0012562911814120e+00"
3.00E-07,-2.09E-03,4.69E-07,"		1.0005626014013580e+00"
4.00E-07,-2.09E-03,4.69E-07,"		1.0007457153104899e+00"
3.50E-07,-2.09E-03,4.74E-07,"		9.9969905164221595e-01"
3.00E-07,-2.09E-03,4.80E-07,"		9.9810733547279118e-01"
4.00E-07,-2.09E-03,4.57E-07,"		1.0012486816759287e+00"
4.00E-07,-2.09E-03,4.63E-07,"		1.0013493849200903e+00"
3.50E-07,-2.09E-03,4.57E-07,"		1.0011456955922773e+00"
4.00E-07,-2.09E-03,4.69E-07,"		1.0007457153104899e+00"
3.50E-07,-2.09E-03,4.63E-07,"		1.0012562911814120e+00"
3.00E-07,-2.09E-03,4.57E-07,"		1.0010236913849582e+00"
4.00E-07,-2.09E-03,4.80E-07,"		9.9811018776887672e-01"
4.00E-07,-2.09E-03,4.89E-07,"		1.0008202674467257e+00"
3.50E-07,-2.09E-03,4.80E-07,"		9.9811684262450173e-01"
4.00E-07,-2.10E-03,4.99E-07,"		9.9972384431984307e-01"
3.50E-07,-2.09E-03,4.89E-07,"		1.0006145095406740e+00"
3.00E-07,-2.09E-03,4.80E-07,"		9.9810733547279118e-01"
3.00E-07,-2.09E-03,4.80E-07,"		9.9810733547279118e-01"
3.50E-07,-2.09E-03,4.89E-07,"		1.0006145095406740e+00"
3.00E-07,-2.09E-03,4.89E-07,"		1.0005122169623613e+00"
4.00E-07,-2.10E-03,4.99E-07,"		9.9972384431984307e-01"
3.50E-07,-2.10E-03,4.99E-07,"		9.9951001007388429e-01"
3.00E-07,-2.10E-03,4.99E-07,"		9.9934958275978714e-01"
3.00E-07,-2.10E-03,4.99E-07,"		9.9934958275978714e-01"
3.50E-07,-2.10E-03,4.99E-07,"		9.9951001007388429e-01"
3.50E-07,-2.10E-03,5.03E-07,"		1.0004955365160426e+00"
4.00E-07,-2.10E-03,4.99E-07,"		9.9972384431984307e-01"
4.00E-07,-2.10E-03,5.03E-07,"		1.0008141969878925e+00"
4.00E-07,-2.10E-03,5.07E-07,"		1.0002079979878531e+00"
4.00E-07,-2.10E-03,5.16E-07,"		9.9949305629348739e-01"
3.50E-07,-2.10E-03,5.16E-07,"		9.9950055560843920e-01"
4.00E-07,-2.10E-03,5.12E-07,"		9.9997866830936044e-01"
3.00E-07,-2.10E-03,5.16E-07,"		9.9950754205555448e-01"
3.50E-07,-2.10E-03,5.12E-07,"		9.9996153952764333e-01"
4.00E-07,-2.10E-03,5.07E-07,"		1.0002079979878531e+00"
3.00E-07,-2.10E-03,5.16E-07,"		9.9950754205555448e-01"
3.00E-07,-2.10E-03,5.12E-07,"		9.9993531330820717e-01"
3.50E-07,-2.10E-03,5.12E-07,"		9.9996153952764333e-01"
3.00E-07,-2.10E-03,5.07E-07,"		9.9967645201187927e-01"
3.50E-07,-2.10E-03,5.07E-07,"		9.9995142216089172e-01"
4.00E-07,-2.10E-03,5.07E-07,"		1.0002079979878531e+00"
4.00E-07,-2.10E-03,5.07E-07,"		1.0002079979878531e+00"
3.50E-07,-2.10E-03,5.07E-07,"		9.9995142216089172e-01"
3.50E-07,-2.10E-03,5.03E-07,"		1.0004955365160426e+00"
3.00E-07,-2.10E-03,5.07E-07,"		9.9967645201187927e-01"
3.00E-07,-2.10E-03,5.03E-07,"		1.0002473169103747e+00"
3.00E-07,-2.10E-03,4.99E-07,"		9.9934958275978714e-01"
4.00E-07,-2.10E-03,5.16E-07,"		9.9949305629348739e-01"
3.50E-07,-2.10E-03,5.25E-07,"		9.9945080289556310e-01"
3.50E-07,-2.10E-03,5.16E-07,"		9.9950055560843920e-01"
3.00E-07,-2.10E-03,5.35E-07,"		9.9908003456588612e-01"
3.00E-07,-2.10E-03,5.25E-07,"		9.9944134245891636e-01"
3.00E-07,-2.10E-03,5.16E-07,"		9.9950754205555448e-01"
4.00E-07,-2.10E-03,5.16E-07,"		9.9949305629348739e-01"
4.00E-07,-2.10E-03,5.25E-07,"		9.9953215330746692e-01"
3.50E-07,-2.10E-03,5.25E-07,"		9.9945080289556310e-01"
4.00E-07,-2.10E-03,5.35E-07,"		9.9928536399462264e-01"
3.50E-07,-2.10E-03,5.35E-07,"		9.9918172209346456e-01"
3.00E-07,-2.10E-03,5.35E-07,"		9.9908003456588612e-01"
3.00E-07,-2.11E-03,5.42E-07,"		9.9923462268517282e-01"
3.00E-07,-2.10E-03,5.38E-07,"		9.9950954016639848e-01"
3.50E-07,-2.10E-03,5.38E-07,"		9.9946400976898531e-01"
3.00E-07,-2.10E-03,5.35E-07,"		9.9908003456588612e-01"
3.50E-07,-2.10E-03,5.35E-07,"		9.9918172209346456e-01"
4.00E-07,-2.10E-03,5.35E-07,"		9.9928536399462264e-01"
3.00E-07,-2.11E-03,5.42E-07,"		9.9923462268517282e-01"
3.50E-07,-2.11E-03,5.46E-07,"		9.9958545229867879e-01"
3.00E-07,-2.11E-03,5.46E-07,"		9.9962767545383346e-01"
4.00E-07,-2.11E-03,5.50E-07,"		9.9954552519626561e-01"
3.50E-07,-2.11E-03,5.50E-07,"		9.9954003976895522e-01"
3.00E-07,-2.11E-03,5.50E-07,"		9.9952639747972505e-01"
3.00E-07,-2.11E-03,5.42E-07,"		9.9923462268517282e-01"
3.50E-07,-2.11E-03,5.42E-07,"		9.9916960459390491e-01"
3.50E-07,-2.11E-03,5.46E-07,"		9.9958545229867879e-01"
4.00E-07,-2.11E-03,5.42E-07,"		9.9910487392873359e-01"
4.00E-07,-2.11E-03,5.46E-07,"		9.9954791901936679e-01"
4.00E-07,-2.11E-03,5.50E-07,"		9.9954552519626561e-01"
4.00E-07,-2.11E-03,5.42E-07,"		9.9910487392873359e-01"
3.50E-07,-2.11E-03,5.42E-07,"		9.9916960459390491e-01"
4.00E-07,-2.10E-03,5.38E-07,"		9.9941625520144772e-01"
3.00E-07,-2.11E-03,5.42E-07,"		9.9923462268517282e-01"
3.50E-07,-2.10E-03,5.38E-07,"		9.9946400976898531e-01"
4.00E-07,-2.10E-03,5.35E-07,"		9.9928536399462264e-01"
3.00E-07,-2.11E-03,5.57E-07,"		9.9960654182249431e-01"
3.00E-07,-2.11E-03,5.53E-07,"		9.9947637229630937e-01"
3.50E-07,-2.11E-03,5.53E-07,"		9.9945480468613712e-01"
3.00E-07,-2.11E-03,5.50E-07,"		9.9952639747972505e-01"
3.50E-07,-2.11E-03,5.50E-07,"		9.9954003976895522e-01"
4.00E-07,-2.11E-03,5.50E-07,"		9.9954552519626561e-01"
3.00E-07,-2.11E-03,5.57E-07,"		9.9960654182249431e-01"
3.50E-07,-2.11E-03,5.53E-07,"		9.9945480468613712e-01"
3.50E-07,-2.11E-03,5.57E-07,"		9.9945608437890099e-01"
4.00E-07,-2.11E-03,5.50E-07,"		9.9954552519626561e-01"
4.00E-07,-2.11E-03,5.53E-07,"		9.9930758293308797e-01"
4.00E-07,-2.11E-03,5.57E-07,"		9.9927746224515268e-01"
3.00E-07,-2.11E-03,5.64E-07,"		1.0008042367298955e+00"
3.00E-07,-2.11E-03,5.60E-07,"		1.0001184385928754e+00"
3.50E-07,-2.11E-03,5.60E-07,"		1.0000461420841413e+00"
3.00E-07,-2.11E-03,5.57E-07,"		9.9960654182249431e-01"
3.50E-07,-2.11E-03,5.57E-07,"		9.9945608437890099e-01"
4.00E-07,-2.11E-03,5.57E-07,"		9.9927746224515268e-01"
4.00E-07,-2.11E-03,5.57E-07,"		9.9927746224515268e-01"
4.00E-07,-2.11E-03,5.60E-07,"		9.9995589867831502e-01"
3.50E-07,-2.11E-03,5.60E-07,"		1.0000461420841413e+00"
4.00E-07,-2.11E-03,5.64E-07,"		1.0003631149385763e+00"
3.50E-07,-2.11E-03,5.64E-07,"		1.0005964806986034e+00"
3.00E-07,-2.11E-03,5.64E-07,"		1.0008042367298955e+00"
3.00E-07,-2.11E-03,5.64E-07,"		1.0008042367298955e+00"
3.50E-07,-2.11E-03,5.64E-07,"		1.0005964806986034e+00"
3.50E-07,-2.11E-03,5.67E-07,"		1.0009089477147579e+00"
4.00E-07,-2.11E-03,5.64E-07,"		1.0003631149385763e+00"
4.00E-07,-2.11E-03,5.67E-07,"		1.0007114904247010e+00"
4.00E-07,-2.11E-03,5.71E-07,"		9.9860003210475756e-01"
3.00E-07,-2.11E-03,5.71E-07,"		9.9869082384391339e-01"
3.00E-07,-2.11E-03,5.67E-07,"		1.0009450921225604e+00"
3.50E-07,-2.11E-03,5.71E-07,"		9.9865816296911336e-01"
3.00E-07,-2.11E-03,5.64E-07,"		1.0008042367298955e+00"
3.50E-07,-2.11E-03,5.67E-07,"		1.0009089477147579e+00"
4.00E-07,-2.11E-03,5.71E-07,"		9.9860003210475756e-01"
4.00E-07,-2.12E-03,5.78E-07,"		1.0000457564081449e+00"
3.50E-07,-2.11E-03,5.75E-07,"		9.9911256576493856e-01"
4.00E-07,-2.11E-03,5.75E-07,"		9.9914994137401780e-01"
3.00E-07,-2.11E-03,5.71E-07,"		9.9869082384391339e-01"
3.50E-07,-2.11E-03,5.71E-07,"		9.9865816296911336e-01"
4.00E-07,-2.11E-03,5.71E-07,"		9.9860003210475756e-01"
4.00E-07,-2.12E-03,5.78E-07,"		1.0000457564081449e+00"
3.50E-07,-2.12E-03,5.78E-07,"		9.9943198404537092e-01"
3.50E-07,-2.11E-03,5.75E-07,"		9.9911256576493856e-01"
3.00E-07,-2.12E-03,5.78E-07,"		9.9873063832964581e-01"
3.00E-07,-2.11E-03,5.75E-07,"		9.9868422862230555e-01"
3.00E-07,-2.11E-03,5.71E-07,"		9.9869082384391339e-01"
3.00E-07,-2.12E-03,5.78E-07,"		9.9873063832964581e-01"
3.50E-07,-2.12E-03,5.78E-07,"		9.9943198404537092e-01"
3.50E-07,-2.12E-03,5.81E-07,"		9.9911102014755782e-01"
4.00E-07,-2.12E-03,5.78E-07,"		1.0000457564081449e+00"
4.00E-07,-2.12E-03,5.81E-07,"		9.9923611547808289e-01"
4.00E-07,-2.12E-03,5.84E-07,"		9.9902617248844661e-01"
3.00E-07,-2.12E-03,5.84E-07,"		9.9920098388971512e-01"
3.00E-07,-2.12E-03,5.81E-07,"		9.9894705689250807e-01"
3.50E-07,-2.12E-03,5.84E-07,"		9.9912825222453505e-01"
3.00E-07,-2.12E-03,5.78E-07,"		9.9873063832964581e-01"
3.50E-07,-2.12E-03,5.81E-07,"		9.9911102014755782e-01"
4.00E-07,-2.12E-03,5.84E-07,"		9.9902617248844661e-01"
3.00E-07,-2.12E-03,5.84E-07,"		9.9920098388971512e-01"
3.50E-07,-2.12E-03,5.84E-07,"		9.9912825222453505e-01"
3.50E-07,-2.12E-03,5.87E-07,"		9.9927892249547856e-01"
4.00E-07,-2.12E-03,5.84E-07,"		9.9902617248844661e-01"
4.00E-07,-2.12E-03,5.87E-07,"		9.9914850671596267e-01"
4.00E-07,-2.12E-03,5.90E-07,"		9.9899107744341120e-01"
3.00E-07,-2.12E-03,5.84E-07,"		9.9920098388971512e-01"
3.50E-07,-2.12E-03,5.87E-07,"		9.9927892249547856e-01"
3.00E-07,-2.12E-03,5.87E-07,"		9.9935973885139007e-01"
4.00E-07,-2.12E-03,5.90E-07,"		9.9899107744341120e-01"
3.50E-07,-2.12E-03,5.90E-07,"		9.9908916348581600e-01"
3.00E-07,-2.12E-03,5.90E-07,"		9.9914940704574917e-01"
4.00E-07,-2.12E-03,6.00E-07,"		9.9859794149125425e-01"
3.50E-07,-2.12E-03,6.00E-07,"		9.9861424212247241e-01"
4.00E-07,-2.12E-03,5.97E-07,"		9.9824378835626326e-01"
3.00E-07,-2.12E-03,6.00E-07,"		9.9857743941179200e-01"
3.50E-07,-2.12E-03,5.97E-07,"		9.9847391119456952e-01"
4.00E-07,-2.12E-03,5.95E-07,"		9.9842636694549758e-01"
4.00E-07,-2.12E-03,5.90E-07,"		9.9899107744341120e-01"
4.00E-07,-2.12E-03,5.92E-07,"		9.9869695750471987e-01"
3.50E-07,-2.12E-03,5.90E-07,"		9.9908916348581600e-01"
4.00E-07,-2.12E-03,5.95E-07,"		9.9842636694549758e-01"
3.50E-07,-2.12E-03,5.92E-07,"		9.9881930895367455e-01"
3.00E-07,-2.12E-03,5.90E-07,"		9.9914940704574917e-01"
4.00E-07,-2.12E-03,5.95E-07,"		9.9842636694549758e-01"
3.50E-07,-2.12E-03,5.97E-07,"		9.9847391119456952e-01"
3.50E-07,-2.12E-03,5.92E-07,"		9.9881930895367455e-01"
3.00E-07,-2.12E-03,6.00E-07,"		9.9857743941179200e-01"
3.00E-07,-2.12E-03,5.95E-07,"		9.9876434089163302e-01"
3.00E-07,-2.12E-03,5.90E-07,"		9.9914940704574917e-01"
