"Distance [mm]","Voltage [V]"
0,-0.993179091012362
0.00429288,-0.99309599259122
0.00858576,-0.99276298492025
0.01287864,-0.99228371712927
0.01717152,-0.991797494325227
0.0214644,-0.991311184764513
0.02575728,-0.990824880317469
0.03005016,-0.99033857360007
0.03434304,-0.989852267057641
0.03863592,-0.989365960513321
0.0429288,-0.988879653969422
0.04722168,-0.988393347417843
0.05151456,-0.987907040867111
0.05580744,-0.987420734316624
0.06010032,-0.986934427766267
0.0643932,-0.98644812121574
0.06868608,-0.985961814664797
0.07297896,-0.98547550811366
0.07727184,-0.984989201562466
0.08156472,-0.984502895011116
0.0858576,-0.98401658845943
0.09015048,-0.983530281907484
0.09444336,-0.983043975355401
0.09873624,-0.982557668803226
0.10302912,-0.9820713622511
0.107322,-0.981585055699284
0.11161488,-0.981098749147824
0.11590776,-0.980612442596644
0.12020064,-0.980126136045485
0.12449352,-0.979639829494706
0.1287864,-0.979153522944276
0.13307928,-0.978667216393654
0.13737216,-0.978180909842777
0.14166504,-0.977694603291671
0.14595792,-0.97720829674068
0.1502508,-0.976721990189906
0.15454368,-0.976235683639364
0.15883656,-0.975749377089058
0.16312944,-0.975263070538951
0.16742232,-0.974776763989009
0.1717152,-0.974290457439224
0.17600808,-0.973804150889584
0.18030096,-0.973317844340072
0.18459384,-0.972831537790685
0.18888672,-0.972345231241326
0.1931796,-0.971858924691949
0.19747248,-0.971372618142546
0.20176536,-0.970886311593111
0.20605824,-0.970400005043637
0.21035112,-0.969913698494107
0.214644,-0.969427391944472
0.21893688,-0.968941085394615
0.22322976,-0.968454778844528
0.22752264,-0.967968472294205
0.23181552,-0.967482165743611
0.2361084,-0.966995859192735
0.24040128,-0.966509552641575
0.24469416,-0.966023246090303
0.24898704,-0.965536939538957
0.25327992,-0.965050632987562
0.2575728,-0.964564326436243
0.26186568,-0.964078019885014
0.26615856,-0.963591713333876
0.27045144,-0.963105406782856
0.27474432,-0.962619100232173
0.2790372,-0.962132793681882
0.28333008,-0.961646487131987
0.28762296,-0.961160180582601
0.29191584,-0.960673874033754
0.29620872,-0.960187567485445
0.3005016,-0.959701260937673
0.30479448,-0.959214954390456
0.30908736,-0.95872864784381
0.31338024,-0.958242341297697
0.31767312,-0.957756034752117
0.321966,-0.957269728207036
0.32625888,-0.956783421662369
0.33055176,-0.956297115118107
0.33484464,-0.955810808574248
0.33913752,-0.955324502030794
0.3434304,-0.954838195487747
0.34772328,-0.954351888945088
0.35201616,-0.953865582402805
0.35630904,-0.953379275860894
0.36060192,-0.952892969319328
0.3648948,-0.952406662778025
0.36918768,-0.951920356236958
0.37348056,-0.951434049696123
0.37777344,-0.950947743155507
0.38206632,-0.950461436615113
0.3863592,-0.949975130074941
0.39065208,-0.949488823534993
0.39494496,-0.949002516995266
0.39923784,-0.948516210455751
0.40353072,-0.948029903916427
0.4078236,-0.947543597377295
0.41211648,-0.947057290838356
0.41640936,-0.946570984299605
0.42070224,-0.946084677761041
0.42499512,-0.945598371222669
0.429288,-0.945112064684487
0.43358088,-0.944625758146497
0.43787376,-0.944139451608711
0.44216664,-0.943653145071188
0.44645952,-0.943166838533931
0.4507524,-0.942680531996942
0.45504528,-0.942194225460262
0.45933816,-0.941707918923909
0.46363104,-0.941221612387882
0.46792392,-0.94073530585218
0.4722168,-0.940248999316805
0.47650968,-0.939762692781765
0.48080256,-0.939276386247033
0.48509544,-0.938790079712605
0.48938832,-0.93830377317848
0.4936812,-0.937817466644658
0.49797408,-0.937331160111123
0.50226696,-0.936844853577715
0.50655984,-0.936358547044397
0.51085272,-0.935872240511169
0.5151456,-0.93538593397803
0.51943848,-0.934899627444974
0.52373136,-0.934413320912002
0.52802424,-0.93392701437912
0.53231712,-0.93344070784633
0.53661,-0.93295440131363
0.54090288,-0.932468094781023
0.54519576,-0.931981788248515
0.54948864,-0.93149548171616
0.55378152,-0.931009175183966
0.5580744,-0.930522868651933
0.56236728,-0.93003656212006
0.56666016,-0.929550255588348
0.57095304,-0.929063949056798
0.57524592,-0.92857764252541
0.5795388,-0.928091335994187
0.58383168,-0.927605029463135
0.58812456,-0.927118722932252
0.59241744,-0.926632416401576
0.59671032,-0.92614610987116
0.6010032,-0.925659803341021
0.60529608,-0.925173496811158
0.60958896,-0.924687190281573
0.61388184,-0.924200883752289
0.61817472,-0.923714577223296
0.6224676,-0.923228270694594
0.62676048,-0.922741964166183
0.63105336,-0.922255657638062
0.63534624,-0.921769351110233
0.63963912,-0.921283044582694
0.643932,-0.920796738055445
0.64822488,-0.9203104315285
0.65251776,-0.91982412500186
0.65681064,-0.919337818475526
0.66110352,-0.918851511949501
0.6653964,-0.918365205423781
0.66968928,-0.917878898898348
0.67398216,-0.917392592373202
0.67827504,-0.916906285848345
0.68256792,-0.916419979323776
0.6868608,-0.915933672799499
0.69115368,-0.915447366275518
0.69544656,-0.914961059751794
0.69973944,-0.914474753228323
0.70403232,-0.913988446705107
0.7083252,-0.913502140182145
0.71261808,-0.913015833659445
0.71691096,-0.912529527136991
0.72120384,-0.912043220614768
0.72549672,-0.911556914092776
0.7297896,-0.911070607571016
0.73408248,-0.910584301049486
0.73837536,-0.910097994528188
0.74266824,-0.909611688007119
0.74696112,-0.909125381486279
0.751254,-0.908639074965667
0.75554688,-0.908152768445287
0.75983976,-0.907666461925137
0.76413264,-0.907180155405095
0.76842552,-0.906693848885122
0.7727184,-0.906207542365218
0.77701128,-0.905721235845381
0.78130416,-0.905234929325601
0.78559704,-0.904748622805883
0.78988992,-0.904262316286224
0.7941828,-0.903776009766624
0.79847568,-0.903289703247083
0.80276856,-0.902803396727598
0.80706144,-0.902317090208159
0.81135432,-0.901830783688761
0.8156472,-0.901344477169407
0.81994008,-0.900858170650096
0.82423296,-0.900371864130827
0.82852584,-0.899885557611602
0.83281872,-0.899399251092417
0.8371116,-0.898912944573272
0.84140448,-0.898426638054168
0.84569736,-0.897940331535104
0.84999024,-0.897454025016081
0.85428312,-0.896967718497091
0.858576,-0.896481411978126
0.86286888,-0.895995105459184
0.86716176,-0.895508798940265
0.87145464,-0.895022492421369
0.87574752,-0.894536185902497
0.8800404,-0.894049879383647
0.88433328,-0.893563572864819
0.88862616,-0.893077266346009
0.89291904,-0.892590959827218
0.89721192,-0.892104653308446
0.9015048,-0.891618346789692
0.90579768,-0.891132040270952
0.91009056,-0.890645733752222
0.91438344,-0.8901594272335
0.91867632,-0.889673120714789
0.9229692,-0.889186814196087
0.92726208,-0.888700507677395
0.93155496,-0.888214201158714
0.93584784,-0.887727894640044
0.94014072,-0.887241588121384
0.9444336,-0.886755281602735
0.94872648,-0.886268975084097
0.95301936,-0.88578266856547
0.95731224,-0.885296362046847
0.96160512,-0.884810055528229
0.965898,-0.884323749009606
0.97019088,-0.883837442490978
0.97448376,-0.883351135972344
0.97877664,-0.882864829453703
0.98306952,-0.882378522935048
0.9873624,-0.881892216416381
0.99165528,-0.881405909897701
0.99594816,-0.880919603379008
1.00024104,-0.880433296860302
1.00453392,-0.879946990341584
1.0088268,-0.879460683822852
1.01311968,-0.878974377304107
1.01741256,-0.878488070785344
1.02170544,-0.878001764266563
1.02599832,-0.877515457747762
1.0302912,-0.877029151228943
1.03458408,-0.876542844710103
1.03887696,-0.876056538191241
1.04316984,-0.875570231672359
1.04746272,-0.875083925153455
1.0517556,-0.87459761863453
1.05604848,-0.874111312115585
1.06034136,-0.873625005596618
1.06463424,-0.873138699077626
1.06892712,-0.872652392558612
1.07322,-0.872166086039578
1.07751288,-0.871679779520523
1.08180576,-0.871193473001447
1.08609864,-0.870707166482354
1.09039152,-0.870220859963256
1.0946844,-0.869734553444155
1.09897728,-0.86924824692505
1.10327016,-0.868761940405941
1.10756304,-0.868275633886829
1.11185592,-0.867789327367719
1.1161488,-0.867303020848621
1.12044168,-0.866816714329532
1.12473456,-0.86633040781045
1.12902744,-0.865844101291375
1.13332032,-0.865357794772304
1.1376132,-0.864871488253244
1.14190608,-0.864385181734217
1.14619896,-0.863898875215224
1.15049184,-0.863412568696265
1.15478472,-0.86292626217734
1.1590776,-0.862439955658451
1.16337048,-0.861953649139599
1.16766336,-0.861467342620784
1.17195624,-0.860981036102005
1.17624912,-0.860494729583261
1.180542,-0.860008423064555
1.18483488,-0.859522116545884
1.18912776,-0.85903581002724
1.19342064,-0.858549503508621
1.19771352,-0.858063196990074
1.2020064,-0.857576890471619
1.20629928,-0.857090583953257
1.21059216,-0.856604277434987
1.21488504,-0.856117970916812
1.21917792,-0.85563166439874
1.2234708,-0.855145357880767
1.22776368,-0.854659051362892
1.23205656,-0.854172744845116
1.23634944,-0.853686438327438
1.24064232,-0.853200131809858
1.2449352,-0.852713825292376
1.24922808,-0.852227518774999
1.25352096,-0.851741212257736
1.25781384,-0.851254905740671
1.26210672,-0.850768599223803
1.2663996,-0.850282292707134
1.27069248,-0.849795986190664
1.27498536,-0.849309679674408
1.27927824,-0.848823373158376
1.28357112,-0.848337066642556
1.287864,-0.847850760126956
1.29215688,-0.847364453611579
1.29644976,-0.846878147096424
1.30074264,-0.84639184058149
1.30503552,-0.845905534066779
1.3093284,-0.845419227552308
1.31362128,-0.844932921038081
1.31791416,-0.844446614524118
1.32220704,-0.84396030801042
1.32649992,-0.843474001496988
1.3307928,-0.842987694983821
1.33508568,-0.842501388470912
1.33937856,-0.84201508195828
1.34367144,-0.841528775445959
1.34796432,-0.841042468933962
1.3522572,-0.840556162422269
1.35655008,-0.840069855910879
1.36084296,-0.83958354939979
1.36513584,-0.839097242889004
1.36942872,-0.838610936378523
1.3737216,-0.838124629868348
1.37801448,-0.837638323358479
1.38230736,-0.837152016848973
1.38660024,-0.836665710339633
1.39089312,-0.836179403830388
1.395186,-0.835693097321237
1.39947888,-0.835206790812181
1.40377176,-0.834720484303219
1.40806464,-0.83423417779435
1.41235752,-0.833747871285577
1.4166504,-0.833261564776885
1.42094328,-0.832775258268265
1.42523616,-0.832288951759719
1.42952904,-0.831802645251246
1.43382192,-0.831316338742845
1.4381148,-0.830830032234518
1.44240768,-0.830343725726264
1.44670056,-0.829857419218081
1.45099344,-0.829371112709967
1.45528632,-0.828884806201938
1.4595792,-0.828398499693998
1.46387208,-0.827912193186146
1.46816496,-0.827425886678383
1.47245784,-0.82693958017071
1.47675072,-0.826453273663125
1.4810436,-0.825966967155628
1.48533648,-0.825480660648214
1.48962936,-0.824994354140891
1.49392224,-0.824508047633669
1.49821512,-0.82402174112655
1.502508,-0.823535434619533
1.50680088,-0.823049128112618
1.51109376,-0.822562821605817
1.51538664,-0.822076515099152
1.51967952,-0.821590208592631
1.5239724,-0.821103902086265
1.52826528,-0.820617595580056
1.53255816,-0.820131289074001
1.53685104,-0.819644982568102
1.54114392,-0.819158676062358
1.5454368,-0.818672369556769
1.54972968,-0.818186063051329
1.55402256,-0.817699756546033
1.55831544,-0.81721345004092
1.56260832,-0.816727143535989
1.5669012,-0.81624083703124
1.57119408,-0.815754530526673
1.57548696,-0.815268224022306
1.57977984,-0.814781917518206
1.58407272,-0.814295611014376
1.5883656,-0.813809304510832
1.59265848,-0.813322998007571
1.59695136,-0.812836691504593
1.60124424,-0.812350385001896
1.60553712,-0.811864078499454
1.60983,-0.811377771997318
1.61412288,-0.810891465495486
1.61841576,-0.810405158993958
1.62270864,-0.809918852492735
1.62700152,-0.80943254599182
1.6312944,-0.80894623949127
1.63558728,-0.808459932991062
1.63988016,-0.807973626491196
1.64417304,-0.807487319991673
1.64846592,-0.807001013492493
1.6527588,-0.806514706993657
1.65705168,-0.806028400495163
1.66134456,-0.805542093997023
1.66563744,-0.80505578749924
1.66993032,-0.804569481001813
1.6742232,-0.804083174504825
1.67851608,-0.803596868008345
1.68280896,-0.803110561512365
1.68710184,-0.802624255016886
1.69139472,-0.802137948521908
1.6956876,-0.801651642027431
1.69998048,-0.801165335533455
1.70427336,-0.800679029040301
1.70856624,-0.800192722547853
1.71285912,-0.799706416056097
1.717152,-0.79922010956503
1.72144488,-0.798733803074652
1.72573776,-0.798247496585164
1.73003064,-0.797761190096202
1.73432352,-0.797274883607603
1.7386164,-0.796788577119366
1.74290928,-0.796302270631493
1.74720216,-0.795815964143981
1.75149504,-0.795329657656833
1.75578792,-0.794843351170001
1.7600808,-0.794357044683444
1.76437368,-0.793870738197163
1.76866656,-0.793384431711157
1.77295944,-0.792898125225428
1.77725232,-0.792411818739999
1.7815452,-0.791925512254819
1.78583808,-0.791439205769889
1.79013096,-0.790952899285184
1.79442384,-0.790466592800682
1.79871672,-0.789980286316393
1.8030096,-0.789493979832316
1.80730248,-0.789007673348452
1.81159536,-0.7885213668648
1.81588824,-0.788035060381357
1.82018112,-0.787548753898049
1.824474,-0.787062447414903
1.82876688,-0.786576140931905
1.83305976,-0.786089834449055
1.83735264,-0.785603527966351
1.84164552,-0.785117221483791
1.8459384,-0.784630915001319
1.85023128,-0.784144608518954
1.85452416,-0.783658302036698
1.85881704,-0.783171995554548
1.86310992,-0.782685689072506
1.8674028,-0.782199382590571
1.87169568,-0.781713076108724
1.87598856,-0.781226769626947
1.88028144,-0.780740463145191
1.88457432,-0.780254156663442
1.8888672,-0.779767850181703
1.89316008,-0.779281543699971
1.89745296,-0.778795237218196
1.90174584,-0.778308930736368
1.90603872,-0.777822624254483
1.9103316,-0.777336317772537
1.91462448,-0.77685001129053
1.91891736,-0.776363704808464
1.92321024,-0.775877398326317
1.92750312,-0.775391091844006
1.931796,-0.774904785361488
1.93608888,-0.774418478878763
1.94038176,-0.77393217239583
1.94467464,-0.77344586591269
1.94896752,-0.772959559429347
1.9532604,-0.772473252945779
1.95755328,-0.771986946461947
1.96184616,-0.771500639977853
1.96613904,-0.771014333493496
1.97043192,-0.770528027008876
1.9747248,-0.770041720523969
1.97901768,-0.769555414038767
1.98331056,-0.769069107553267
1.98760344,-0.768582801067469
1.99189632,-0.768096494581374
1.9961892,-0.767610188094981
2.00048208,-0.767123881608291
2.00477496,-0.766637575121304
2.00906784,-0.766151268634037
2.01336072,-0.765664962146491
2.0176536,-0.765178655658667
2.02194648,-0.764692349170588
2.02623936,-0.76420604268255
2.03053224,-0.763719736194517
2.03482512,-0.76323342970649
2.039118,-0.762747123218468
2.04341088,-0.762260816730452
2.04770376,-0.76177451024244
2.05199664,-0.761288203754432
2.05628952,-0.760801897266429
2.0605824,-0.76031559077843
2.06487528,-0.759829284290435
2.06916816,-0.759342977802445
2.07346104,-0.758856671314458
2.07775392,-0.75837036482647
2.0820468,-0.757884058338483
2.08633968,-0.757397751850496
2.09063256,-0.756911445362511
2.09492544,-0.756425138874529
2.09921832,-0.755938832386551
2.1035112,-0.755452525898582
2.10780408,-0.754966219410621
2.11209696,-0.754479912922668
2.11638984,-0.753993606434723
2.12068272,-0.753507299946786
2.1249756,-0.753020993458858
2.12926848,-0.752534686970939
2.13356136,-0.752048380483028
2.13785424,-0.751562073995125
2.14214712,-0.751075767507231
2.14644,-0.750589461019357
2.15073288,-0.750103154531506
2.15502576,-0.749616848043677
2.15931864,-0.749130541555873
2.16361152,-0.748644235068102
2.1679044,-0.748157928580341
2.17219728,-0.747671622092582
2.17649016,-0.747185315604826
2.18078304,-0.746699009117073
2.18507592,-0.746212702629322
2.1893688,-0.745726396141578
2.19366168,-0.745240089653829
2.19795456,-0.744753783166071
2.20224744,-0.744267476678304
2.20654032,-0.743781170190528
2.2108332,-0.743294863702744
2.21512608,-0.74280855721495
2.21941896,-0.742322250727142
2.22371184,-0.74183594423932
2.22800472,-0.741349637751487
2.2322976,-0.740863331263642
2.23659048,-0.740377024775784
2.24088336,-0.739890718287914
2.24517624,-0.739404411800034
2.24946912,-0.738918105312143
2.253762,-0.738431798824243
2.25805488,-0.737945492336332
2.26234776,-0.73745918584841
2.26664064,-0.736972879360479
2.27093352,-0.736486572872538
2.2752264,-0.73600026638459
2.27951928,-0.735513959896632
2.28381216,-0.735027653408665
2.28810504,-0.734541346920688
2.29239792,-0.734055040432717
2.2966908,-0.733568733944699
2.30098368,-0.733082427456594
2.30527656,-0.732596120968402
2.30956944,-0.732109814480124
2.31386232,-0.731623507991743
2.3181552,-0.731137201503256
2.32244808,-0.73065089501466
2.32674096,-0.730164588525956
2.33103384,-0.729678282037144
2.33532672,-0.729191975548223
2.3396196,-0.728705669059194
2.34391248,-0.728219362570057
2.34820536,-0.727733056080811
2.35249824,-0.727246749591458
2.35679112,-0.726760443101995
2.361084,-0.726274136612422
2.36537688,-0.725787830122742
2.36966976,-0.725301523632943
2.37396264,-0.724815217143004
2.37825552,-0.724328910652936
2.3825484,-0.723842604162739
2.38684128,-0.723356297672412
2.39113416,-0.722869991181956
2.39542704,-0.722383684691371
2.39971992,-0.721897378200657
2.4040128,-0.721411071709814
2.40830568,-0.720924765218844
2.41259856,-0.720438458727748
2.41689144,-0.719952152236525
2.42118432,-0.719465845745176
2.4254772,-0.7189795392537
2.42977008,-0.718493232762098
2.43406296,-0.71800692627037
2.43835584,-0.717520619778522
2.44264872,-0.71703431328657
2.4469416,-0.716548006794511
2.45123448,-0.716061700302349
2.45552736,-0.715575393810083
2.45982024,-0.715089087317713
2.46411312,-0.71460278082524
2.468406,-0.714116474332664
2.47269888,-0.713630167840006
2.47699176,-0.713143861347286
2.48128464,-0.712657554854505
2.48557752,-0.712171248361663
2.4898704,-0.711684941868759
2.49416328,-0.711198635375794
2.49845616,-0.710712328882768
2.50274904,-0.710226022389681
2.50704192,-0.709739715896532
2.5113348,-0.709253409403388
2.51562768,-0.70876710291029
2.51992056,-0.708280796417229
2.52421344,-0.7077944899242
2.52850632,-0.707308183431203
2.5327992,-0.706821876938239
2.53709208,-0.706335570445307
2.54138496,-0.705849263952408
2.54567784,-0.705362957459603
2.54997072,-0.7048766509669
2.5542636,-0.704390344474295
2.55855648,-0.703904037981791
2.56284936,-0.703417731489386
2.56714224,-0.70293142499708
2.57143512,-0.702445118504873
2.575728,-0.701958812012766
2.58002088,-0.701472505520757
2.58431376,-0.700986199028848
2.58860664,-0.700499892537038
2.59289952,-0.700013586045326
2.5971924,-0.699527279553715
2.60148528,-0.699040973062201
2.60577816,-0.698554666570787
2.61007104,-0.698068360079472
2.61436392,-0.697582053588256
2.6186568,-0.697095747097139
2.62294968,-0.696609440606121
2.62724256,-0.696123134115174
2.63153544,-0.695636827624282
2.63582832,-0.695150521133452
2.6401212,-0.694664214642682
2.64441408,-0.694177908151954
2.64870696,-0.69369160166124
2.65299984,-0.693205295170551
2.65729272,-0.69271898867989
2.6615856,-0.692232682189256
2.66587848,-0.6917463756981
2.67017136,-0.691260069206692
2.67446424,-0.690773762715073
2.67875712,-0.690287456223242
2.68305,-0.689801149731178
2.68734288,-0.689314843238926
2.69163576,-0.688828536746495
2.69592864,-0.688342230253884
2.70022152,-0.687855923761079
2.7045144,-0.687369617268126
2.70880728,-0.686883310775093
2.71310016,-0.686397004281983
2.71739304,-0.685910697788794
2.72168592,-0.68542439129553
2.7259788,-0.684938084802208
2.73027168,-0.684451778308828
2.73456456,-0.683965471815389
2.73885744,-0.683479165321896
2.74315032,-0.682992858828353
2.7474432,-0.682506552334752
2.75173608,-0.682020245841091
2.75602896,-0.681533939347368
2.76032184,-0.681047632853584
2.76461472,-0.680561326359736
2.7689076,-0.680075019865803
2.77320048,-0.679588713371786
2.77749336,-0.679102406877687
2.78178624,-0.678616100383499
2.78607912,-0.678129793889225
2.790372,-0.677643487394863
2.79466488,-0.677157180900413
2.79895776,-0.676670874405873
2.80325064,-0.676184567911244
2.80754352,-0.675698261416526
2.8118364,-0.67521195492172
2.81612928,-0.674725648426824
2.82042216,-0.674239341931831
2.82471504,-0.673753035436743
2.82900792,-0.673266728941562
2.8333008,-0.672780422446286
2.83759368,-0.672294115950917
2.84188656,-0.671807809455454
2.84617944,-0.671321502959895
2.85047232,-0.670835196464238
2.8547652,-0.670348889968483
2.85905808,-0.66986258347263
2.86335096,-0.669376276976677
2.86764384,-0.668889970480626
2.87193672,-0.668403663984479
2.8762296,-0.667917357488235
2.88052248,-0.667431050991894
2.88481536,-0.666944744495457
2.88910824,-0.666458437998923
2.89340112,-0.665972131502298
2.897694,-0.6654858250056
2.90198688,-0.664999518508831
2.90627976,-0.66451321201199
2.91057264,-0.664026905515078
2.91486552,-0.663540599018096
2.9191584,-0.663054292521048
2.92345128,-0.662567986023932
2.92774416,-0.662081679526749
2.93203704,-0.661595373029499
2.93632992,-0.661109066532179
2.9406228,-0.660622760034786
2.94491568,-0.660136453537299
2.94920856,-0.659650147039711
2.95350144,-0.659163840542003
2.95779432,-0.658677534044131
2.9620872,-0.658191227546097
2.96638008,-0.657704921047897
2.97067296,-0.657218614549522
2.97496584,-0.656732308050937
2.97925872,-0.65624600155214
2.9835516,-0.655759695053128
2.98784448,-0.655273388553899
2.99213736,-0.654787082054454
2.99643024,-0.65430077555478
3.00072312,-0.653814469054759
3.005016,-0.653328162554421
3.00930888,-0.652841856053764
3.01360176,-0.65235554955279
3.01789464,-0.651869243051497
3.02218752,-0.651382936549865
3.0264804,-0.650896630047889
3.03077328,-0.650410323545574
3.03506616,-0.64992401704292
3.03935904,-0.649437710539929
3.04365192,-0.648951404036601
3.0479448,-0.648465097532934
3.05223768,-0.647978791028925
3.05653056,-0.647492484524569
3.06082344,-0.647006178019867
3.06511632,-0.646519871514819
3.0694092,-0.646033565009424
3.07370208,-0.645547258503694
3.07799496,-0.64506095199765
3.08228784,-0.64457464549129
3.08658072,-0.644088338984614
3.0908736,-0.643602032477622
3.09516648,-0.64311572597036
3.09945936,-0.642629419462865
3.10375224,-0.642143112955137
3.10804512,-0.641656806447176
3.112338,-0.641170499938982
3.11663088,-0.640684193430556
3.12092376,-0.640197886921939
3.12521664,-0.639711580413132
3.12950952,-0.639225273904132
3.1338024,-0.638738967394934
3.13809528,-0.638252660885531
3.14238816,-0.637766354375935
3.14668104,-0.63728004786616
3.15097392,-0.636793741356205
3.1552668,-0.636307434846071
3.15955968,-0.63582112833576
3.16385256,-0.635334821825271
3.16814544,-0.634848515314605
3.17243832,-0.634362208803762
3.1767312,-0.633875902292766
3.18102408,-0.633389595781643
3.18531696,-0.632903289270379
3.18960984,-0.632416982758963
3.19390272,-0.631930676247397
3.1981956,-0.631444369735682
3.20248848,-0.630958063223841
3.20678136,-0.630471756711879
3.21107424,-0.629985450199796
3.21536712,-0.629499143687593
3.21966,-0.629012837175267
3.22395288,-0.628526530662821
3.22824576,-0.628040224150254
3.23253864,-0.627553917637566
3.23683152,-0.627067611124765
3.2411244,-0.626581304611846
3.24541728,-0.626094998098809
3.24971016,-0.625608691585653
3.25400304,-0.625122385072378
3.25829592,-0.624636078558979
3.2625888,-0.624149772045448
3.26688168,-0.623663465531893
3.27117456,-0.623177159018328
3.27546744,-0.622690852504754
3.27976032,-0.62220454599117
3.2840532,-0.621718239477578
3.28834608,-0.621231932963977
3.29263896,-0.620745626450367
3.29693184,-0.620259319936748
3.30122472,-0.619773013423119
3.3055176,-0.619286706909481
3.30981048,-0.618800400395833
3.31410336,-0.618314093882172
3.31839624,-0.617827787368496
3.32268912,-0.617341480854803
3.326982,-0.616855174341095
3.33127488,-0.616368867827372
3.33556776,-0.615882561313633
3.33986064,-0.615396254799888
3.34415352,-0.614909948286143
3.3484464,-0.614423641772398
3.35273928,-0.613937335258653
3.35703216,-0.613451028744908
3.36132504,-0.612964722231171
3.36561792,-0.612478415717451
3.3699108,-0.611992109203748
3.37420368,-0.611505802690061
3.37849656,-0.611019496176389
3.38278944,-0.610533189662728
3.38708232,-0.610046883149077
3.3913752,-0.609560576635433
3.39566808,-0.609074270121799
3.39996096,-0.608587963608176
3.40425384,-0.608101657094564
3.40854672,-0.607615350580963
3.4128396,-0.607129044067374
3.41713248,-0.606642737553796
3.42142536,-0.606156431040229
3.42571824,-0.605670124526674
3.43001112,-0.605183818013129
3.434304,-0.604697511499598
3.43859688,-0.604211204986081
3.44288976,-0.603724898472577
3.44718264,-0.603238591959088
3.45147552,-0.602752285445665
3.4557684,-0.602265978932328
3.46006128,-0.601779672419066
3.46435416,-0.601293365905879
3.46864704,-0.600807059392765
3.47293992,-0.600320752879725
3.4772328,-0.599834446366754
3.48152568,-0.599348139853862
3.48581856,-0.59886183334105
3.49011144,-0.598375526828318
3.49440432,-0.597889220315666
3.4986972,-0.597402913803094
3.50299008,-0.596916607290614
3.50728296,-0.596430300778253
3.51157584,-0.595943994266001
3.51586872,-0.595457687753854
3.5201616,-0.594971381241814
3.52445448,-0.594485074729879
3.52874736,-0.59399876821805
3.53304024,-0.593512461706325
3.53733312,-0.593026155194703
3.541626,-0.592539848683185
3.54591888,-0.59205354217177
3.55021176,-0.591567235660459
3.55450464,-0.591080929149252
3.55879752,-0.590594622638153
3.5630904,-0.590108316127146
3.56738328,-0.589622009616213
3.57167616,-0.589135703105353
3.57596904,-0.588649396594567
3.58026192,-0.588163090083855
3.5845548,-0.587676783573216
3.58884768,-0.587190477062637
3.59314056,-0.586704170552114
3.59743344,-0.586217864041591
3.60172632,-0.585731557531069
3.6060192,-0.585245251020555
3.61031208,-0.584758944510055
3.61460496,-0.58427263799957
3.61889784,-0.583786331489088
3.62319072,-0.583300024978608
3.6274836,-0.582813718468131
3.63177648,-0.582327411957657
3.63606936,-0.581841105447186
3.64036224,-0.58135479893672
3.64465512,-0.580868492426255
3.648948,-0.58038218591579
3.65324088,-0.579895879405325
3.65753376,-0.57940957289486
3.66182664,-0.578923266384393
3.66611952,-0.578436959873916
3.6704124,-0.577950653363434
3.67470528,-0.577464346852953
3.67899816,-0.576978040342535
3.68329104,-0.576491733832193
3.68758392,-0.576005427321926
3.6918768,-0.575519120811752
3.69616968,-0.575032814301662
3.70046256,-0.574546507791658
3.70475544,-0.574060201281739
3.70904832,-0.573573894771905
3.7133412,-0.573087588262156
3.71763408,-0.5726012817525
3.72192696,-0.57211497524285
3.72621984,-0.57162866873317
3.73051272,-0.571142362223459
3.7348056,-0.570656055713716
3.73909848,-0.570169749203946
3.74339136,-0.569683442694136
3.74768424,-0.569197136184287
3.75197712,-0.568710829674398
3.75627,-0.56822452316447
3.76056288,-0.567738216654504
3.76485576,-0.567251910144498
3.76914864,-0.566765603634449
3.77344152,-0.566279297124357
3.7777344,-0.56579299061422
3.78202728,-0.565306684104042
3.78632016,-0.564820377593818
3.79061304,-0.564334071083545
3.79490592,-0.563847764573222
3.7991988,-0.563361458062849
3.80349168,-0.562875151552425
3.80778456,-0.562388845041951
3.81207744,-0.561902538531425
3.81637032,-0.561416232020849
3.8206632,-0.560929925510222
3.82495608,-0.560443618999545
3.82924896,-0.559957312488815
3.83354184,-0.559471005978036
3.83783472,-0.558984699467207
3.8421276,-0.558498392956327
3.84642048,-0.558012086445397
3.85071336,-0.557525779934422
3.85500624,-0.557039473423403
3.85929912,-0.556553166912339
3.863592,-0.556066860401233
3.86788488,-0.55558055389008
3.87217776,-0.555094247378878
3.87647064,-0.554607940867646
3.88076352,-0.554121634356391
3.8850564,-0.553635327845112
3.88934928,-0.553149021333799
3.89364216,-0.552662714822537
3.89793504,-0.552176408311333
3.90222792,-0.551690101800188
3.9065208,-0.551203795289098
3.91081368,-0.550717488778067
3.91510656,-0.550231182267095
3.91939944,-0.549744875756183
3.92369232,-0.54925856924533
3.9279852,-0.548772262734538
3.93227808,-0.548285956223845
3.93657096,-0.547799649713282
3.94086384,-0.547313343202851
3.94515672,-0.546827036692563
3.9494496,-0.546340730182416
3.95374248,-0.545854423672405
3.95803536,-0.545368117162532
3.96232824,-0.544881810652795
3.96662112,-0.544395504143195
3.970914,-0.54390919763373
3.97520688,-0.543422891124393
3.97949976,-0.542936584615181
3.98379264,-0.542450278106063
3.98808552,-0.541963971597042
3.9923784,-0.54147766508812
3.99667128,-0.540991358579294
4.00096416,-0.540505052070543
4.00525704,-0.540018745561865
4.00954992,-0.539532439053259
4.0138428,-0.539046132544726
4.01813568,-0.538559826036264
4.02242856,-0.538073519527869
4.02672144,-0.537587213019533
4.03101432,-0.537100906511239
4.0353072,-0.536614600002891
4.03960008,-0.536128293494472
4.04389296,-0.535641986985974
4.04818584,-0.535155680477392
4.05247872,-0.534669373968729
4.0567716,-0.534183067459983
4.06106448,-0.533696760951156
4.06535736,-0.533210454442118
4.06965024,-0.532724147932783
4.07394312,-0.532237841423159
4.078236,-0.531751534913132
4.08252888,-0.531265228402672
4.08682176,-0.530778921891785
4.09111464,-0.530292615380502
4.09540752,-0.529806308868819
4.0997004,-0.529320002356817
4.10399328,-0.528833695844513
4.10828616,-0.528347389331932
4.11257904,-0.527861082819093
4.11687192,-0.52737477630599
4.1211648,-0.526888469792714
4.12545768,-0.526402163279317
4.12975056,-0.525915856765955
4.13404344,-0.525429550252685
4.13833632,-0.524943243739529
4.1426292,-0.524456937226502
4.14692208,-0.523970630713647
4.15121496,-0.523484324200919
4.15550784,-0.522998017688224
4.15980072,-0.522511711175489
4.1640936,-0.522025404662665
4.16838648,-0.521539098149741
4.17267936,-0.521052791636711
4.17697224,-0.52056648512355
4.18126512,-0.520080178610255
4.185558,-0.519593872096829
4.18985088,-0.519107565583265
4.19414376,-0.518621259069464
4.19843664,-0.518134952555503
4.20272952,-0.517648646041587
4.2070224,-0.517162339527795
4.21131528,-0.516676033014215
4.21560816,-0.516189726500696
4.21990104,-0.515703419987017
4.22419392,-0.515217113473163
4.2284868,-0.514730806959393
4.23277968,-0.514244500445765
4.23707256,-0.513758193932135
4.24136544,-0.513271887418384
4.24565832,-0.51278558090475
4.2499512,-0.51229927439153
4.25424408,-0.51181296787747
4.25853696,-0.511326661377472
4.26282984,-0.510840354899977
4.26712272,-0.510354048324711
4.2714156,-0.509867742081589
4.27570848,-0.509381435738491
4.28000136,-0.508895018107203
4.28429424,-0.508415890237226
4.28858712,-0.508082887213384
4.29288,-0.507998565952984
