"Distance [mm]","Voltage [mV]"
0,-986.617457738569
0.00421987,-986.61719840136
0.00843974,-986.616356095448
0.01265961,-986.614930820831
0.01687948,-986.612908830498
0.02109935,-986.610337465166
0.02531922,-986.607230354163
0.02953909,-986.60358188702
0.03375896,-986.599392063736
0.03797883,-986.594640946186
0.0421987,-986.589129618454
0.04641857,-986.582836626121
0.05063844,-986.57578693203
0.05485831,-986.568096164147
0.05907818,-986.559636541504
0.06329805,-986.550134069197
0.06751792,-986.539552794182
0.07173779,-986.527892716462
0.07595766,-986.515153836035
0.08017753,-986.501196729141
0.0843974,-986.485742935794
0.08861727,-986.468108516715
0.09283714,-986.448349244455
0.09705701,-986.426884132718
0.10127688,-986.403960755614
0.10549675,-986.379147844548
0.10971662,-986.346688701317
0.11393649,-986.305353973361
0.11815636,-986.255143660683
0.12237623,-986.196326671348
0.1265961,-986.106747787883
0.13081597,-985.986322238143
0.13503584,-985.833131103669
0.13925571,-985.405050439889
0.14347558,-984.913978591477
0.14769545,-984.406136408754
0.15191532,-983.898977025831
0.15613519,-983.395261433744
0.16035506,-982.892367970967
0.16457493,-982.389113403172
0.1687948,-981.885406682455
0.17301467,-981.38144727624
0.17723454,-980.877307685394
0.18145441,-980.373203195372
0.18567428,-979.869056066689
0.18989415,-979.364904901057
0.19411402,-978.860772854877
0.19833389,-978.356657836518
0.20255376,-977.852558862545
0.20677363,-977.348471676312
0.2109935,-976.844383128831
0.21521337,-976.340291900569
0.21943324,-975.836199825028
0.22365311,-975.332106700857
0.22787298,-974.828012417221
0.23209285,-974.323918782302
0.23631272,-973.819825281917
0.24053259,-973.315731798889
0.24475246,-972.811638323667
0.24897233,-972.307544870315
0.2531922,-971.803451402027
0.25741207,-971.299357930491
0.26163194,-970.795264457583
0.26585181,-970.291170982384
0.27007168,-969.787077506614
0.27429155,-969.282984032056
0.27851142,-968.77889055768
0.28273129,-968.274797083456
0.28695116,-967.770703609244
0.29117103,-967.266610135023
0.2953909,-966.762516660802
0.29961077,-966.258423186576
0.30383064,-965.754329712345
0.30805051,-965.25023623811
0.31227038,-964.746142763865
0.31649025,-964.242049289611
0.32071012,-963.737955815345
0.32492999,-963.233862341071
0.32914986,-962.729768866789
0.33336973,-962.225675392505
0.3375896,-961.721581918222
0.34180947,-961.217488443943
0.34602934,-960.713394969664
0.35024921,-960.209301495385
0.35446908,-959.705208021104
0.35868895,-959.201114546822
0.36290882,-958.697021072538
0.36712869,-958.192927598251
0.37134856,-957.688834123962
0.37556843,-957.184740649668
0.3797883,-956.680647175374
0.38400817,-956.17655370108
0.38822804,-955.672460226785
0.39244791,-955.16836675249
0.39666778,-954.664273278197
0.40088765,-954.160179803907
0.40510752,-953.656086329624
0.40932739,-953.151992855349
0.41354726,-952.647899381082
0.41776713,-952.143805906822
0.421987,-951.639712432567
0.42620687,-951.135618958317
0.43042674,-950.63152548407
0.43464661,-950.127432009825
0.43886648,-949.623338535584
0.44308635,-949.119245061342
0.44730622,-948.615151587099
0.45152609,-948.111058112855
0.45574596,-947.60696463861
0.45996583,-947.102871164362
0.4641857,-946.598777690111
0.46840557,-946.094684215857
0.47262544,-945.5905907416
0.47684531,-945.08649726734
0.48106518,-944.582403793076
0.48528505,-944.078310318811
0.48950492,-943.574216844541
0.49372479,-943.070123370268
0.49794466,-942.566029895993
0.50216453,-942.061936421717
0.5063844,-941.557842947439
0.51060427,-941.053749473162
0.51482414,-940.549655998884
0.51904401,-940.045562524606
0.52326388,-939.541469050327
0.52748375,-939.037375576048
0.53170362,-938.533282101767
0.53592349,-938.029188627486
0.54014336,-937.525095153199
0.54436323,-937.021001678906
0.5485831,-936.516908204608
0.55280297,-936.012814730303
0.55702284,-935.508721255993
0.56124271,-935.004627781676
0.56546258,-934.500534307353
0.56968245,-933.996440833024
0.57390232,-933.492347358688
0.57812219,-932.988253884345
0.58234206,-932.484160409998
0.58656193,-931.980066935647
0.5907818,-931.475973461291
0.59500167,-930.971879986932
0.59922154,-930.46778651257
0.60344141,-929.963693038204
0.60766128,-929.459599563835
0.61188115,-928.955506089462
0.61610102,-928.451412615086
0.62032089,-927.947319140705
0.62454076,-927.443225666322
0.62876063,-926.939132191938
0.6329805,-926.435038717553
0.63720037,-925.930945243164
0.64142024,-925.426851768776
0.64564011,-924.922758294391
0.64985998,-924.418664820009
0.65407985,-923.91457134563
0.65829972,-923.410477871253
0.66251959,-922.90638439688
0.66673946,-922.402290922514
0.67095933,-921.898197448152
0.6751792,-921.394103973793
0.67939907,-920.890010499439
0.68361894,-920.385917025088
0.68783881,-919.88182355074
0.69205868,-919.377730076397
0.69627855,-918.873636602057
0.70049842,-918.369543127722
0.70471829,-917.86544965339
0.70893816,-917.361356179059
0.71315803,-916.857262704731
0.7173779,-916.353169230405
0.72159777,-915.849075756082
0.72581764,-915.34498228176
0.73003751,-914.840888807438
0.73425738,-914.336795333115
0.73847725,-913.832701858792
0.74269712,-913.328608384468
0.74691699,-912.824514910144
0.75113686,-912.320421435819
0.75535673,-911.816327961494
0.7595766,-911.312234487168
0.76379647,-910.808141012841
0.76801634,-910.304047538514
0.77223621,-909.799954064186
0.77645608,-909.295860589857
0.78067595,-908.791767115528
0.78489582,-908.287673641199
0.78911569,-907.783580166868
0.79333556,-907.279486692538
0.79755543,-906.775393218208
0.8017753,-906.271299743877
0.80599517,-905.767206269547
0.81021504,-905.263112795216
0.81443491,-904.759019320885
0.81865478,-904.254925846554
0.82287465,-903.750832372223
0.82709452,-903.246738897893
0.83131439,-902.742645423562
0.83553426,-902.238551949231
0.83975413,-901.7344584749
0.843974,-901.230365000569
0.84819387,-900.726271526237
0.85241374,-900.222178051906
0.85663361,-899.718084577575
0.86085348,-899.213991103243
0.86507335,-898.70989762891
0.86929322,-898.205804154574
0.87351309,-897.701710680238
0.87773296,-897.1976172059
0.88195283,-896.693523731561
0.8861727,-896.189430257221
0.89039257,-895.685336782879
0.89461244,-895.181243308537
0.89883231,-894.677149834193
0.90305218,-894.173056359847
0.90727205,-893.668962885501
0.91149192,-893.164869411153
0.91571179,-892.660775936805
0.91993166,-892.156682462456
0.92415153,-891.652588988105
0.9283714,-891.148495513754
0.93259127,-890.644402039403
0.93681114,-890.14030856505
0.94103101,-889.636215090695
0.94525088,-889.132121616343
0.94947075,-888.628028141992
0.95369062,-888.123934667645
0.95791049,-887.6198411933
0.96213036,-887.115747718957
0.96635023,-886.611654244618
0.9705701,-886.107560770281
0.97478997,-885.603467295947
0.97900984,-885.099373821617
0.98322971,-884.59528034729
0.98744958,-884.091186872966
0.99166945,-883.587093398647
0.99588932,-883.082999924329
1.00010919,-882.578906450015
1.00432906,-882.074812975704
1.00854893,-881.570719501397
1.0127688,-881.066626027093
1.01698867,-880.562532552795
1.02120854,-880.0584390785
1.02542841,-879.554345604209
1.02964828,-879.050252129921
1.03386815,-878.546158655637
1.03808802,-878.042065181357
1.04230789,-877.537971707081
1.04652776,-877.033878232807
1.05074763,-876.529784758538
1.0549675,-876.025691284272
1.05918737,-875.52159781001
1.06340724,-875.017504335751
1.06762711,-874.513410861496
1.07184698,-874.009317387244
1.07606685,-873.505223912996
1.08028672,-873.001130438751
1.08450659,-872.49703696451
1.08872646,-871.992943490272
1.09294633,-871.488850016037
1.0971662,-870.984756541806
1.10138607,-870.480663067578
1.10560594,-869.976569593354
1.10982581,-869.472476119134
1.11404568,-868.968382644917
1.11826555,-868.464289170704
1.12248542,-867.960195696495
1.12670529,-867.456102222289
1.13092516,-866.952008748087
1.13514503,-866.447915273889
1.1393649,-865.943821799695
1.14358477,-865.439728325504
1.14780464,-864.935634851318
1.15202451,-864.431541377135
1.15624438,-863.927447902956
1.16046425,-863.423354428781
1.16468412,-862.91926095461
1.16890399,-862.415167480443
1.17312386,-861.91107400628
1.17734373,-861.40698053212
1.1815636,-860.902887057964
1.18578347,-860.398793583813
1.19000334,-859.894700109665
1.19422321,-859.390606635521
1.19844308,-858.886513161381
1.20266295,-858.382419687245
1.20688282,-857.878326213112
1.21110269,-857.374232738984
1.21532256,-856.870139264859
1.21954243,-856.366045790737
1.2237623,-855.861952316619
1.22798217,-855.357858842504
1.23220204,-854.853765368392
1.23642191,-854.349671894283
1.24064178,-853.845578420178
1.24486165,-853.341484946076
1.24908152,-852.837391471978
1.25330139,-852.333297997885
1.25752126,-851.829204523794
1.26174113,-851.325111049706
1.265961,-850.821017575621
1.27018087,-850.316924101538
1.27440074,-849.812830627458
1.27862061,-849.30873715338
1.28284048,-848.804643679305
1.28706035,-848.300550205233
1.29128022,-847.796456731163
1.29550009,-847.292363257096
1.29971996,-846.788269783031
1.30393983,-846.284176308969
1.3081597,-845.78008283491
1.31237957,-845.275989360853
1.31659944,-844.771895886797
1.32081931,-844.267802412743
1.32503918,-843.763708938691
1.32925905,-843.259615464641
1.33347892,-842.755521990593
1.33769879,-842.251428516547
1.34191866,-841.747335042503
1.34613853,-841.24324156846
1.3503584,-840.73914809442
1.35457827,-840.235054620382
1.35879814,-839.730961146345
1.36301801,-839.22686767231
1.36723788,-838.722774198278
1.37145775,-838.218680724246
1.37567762,-837.714587250216
1.37989749,-837.210493776188
1.38411736,-836.706400302161
1.38833723,-836.202306828136
1.3925571,-835.698213354113
1.39677697,-835.194119880091
1.40099684,-834.690026406071
1.40521671,-834.185932932053
1.40943658,-833.681839458036
1.41365645,-833.177745984021
1.41787632,-832.673652510008
1.42209619,-832.169559035996
1.42631606,-831.665465561987
1.43053593,-831.161372087978
1.4347558,-830.657278613971
1.43897567,-830.153185139965
1.44319554,-829.64909166596
1.44741541,-829.144998191956
1.45163528,-828.640904717953
1.45585515,-828.136811243951
1.46007502,-827.63271776995
1.46429489,-827.128624295948
1.46851476,-826.624530821943
1.47273463,-826.120437347937
1.4769545,-825.61634387393
1.48117437,-825.112250399922
1.48539424,-824.608156925913
1.48961411,-824.104063451902
1.49383398,-823.599969977892
1.49805385,-823.09587650388
1.50227372,-822.591783029867
1.50649359,-822.087689555853
1.51071346,-821.583596081838
1.51493333,-821.079502607822
1.5191532,-820.575409133806
1.52337307,-820.071315659788
1.52759294,-819.567222185769
1.53181281,-819.06312871175
1.53603268,-818.559035237729
1.54025255,-818.054941763707
1.54447242,-817.550848289685
1.54869229,-817.046754815662
1.55291216,-816.542661341637
1.55713203,-816.038567867612
1.5613519,-815.534474393585
1.56557177,-815.030380919558
1.56979164,-814.526287445529
1.57401151,-814.0221939715
1.57823138,-813.518100497469
1.58245125,-813.014007023439
1.58667112,-812.509913549407
1.59089099,-812.005820075373
1.59511086,-811.501726601334
1.59933073,-810.997633127293
1.6035506,-810.493539653248
1.60777047,-809.989446179199
1.61199034,-809.485352705148
1.61621021,-808.981259231093
1.62043008,-808.477165757035
1.62464995,-807.973072282973
1.62886982,-807.468978808908
1.63308969,-806.964885334839
1.63730956,-806.460791860767
1.64152943,-805.956698386692
1.6457493,-805.452604912614
1.64996917,-804.948511438533
1.65418904,-804.444417964448
1.65840891,-803.940324490359
1.66262878,-803.436231016268
1.66684865,-802.932137542173
1.67106852,-802.428044068075
1.67528839,-801.923950593973
1.67950826,-801.419857119868
1.68372813,-800.915763645759
1.687948,-800.411670171648
1.69216787,-799.907576697533
1.69638774,-799.403483223415
1.70060761,-798.899389749293
1.70482748,-798.395296275168
1.70904735,-797.89120280104
1.71326722,-797.387109326908
1.71748709,-796.883015852773
1.72170696,-796.378922378635
1.72592683,-795.874828904493
1.7301467,-795.370735430347
1.73436657,-794.866641956197
1.73858644,-794.362548482044
1.74280631,-793.858455007887
1.74702618,-793.354361533725
1.75124605,-792.85026805956
1.75546592,-792.346174585392
1.75968579,-791.842081111219
1.76390566,-791.337987637042
1.76812553,-790.833894162862
1.7723454,-790.329800688677
1.77656527,-789.825707214489
1.78078514,-789.321613740297
1.78500501,-788.817520266102
1.78922488,-788.313426791902
1.79344475,-787.809333317698
1.79766462,-787.305239843491
1.80188449,-786.80114636928
1.80610436,-786.297052895065
1.81032423,-785.792959420846
1.8145441,-785.288865946623
1.81876397,-784.784772472396
1.82298384,-784.280678998166
1.82720371,-783.776585523932
1.83142358,-783.272492049693
1.83564345,-782.768398575451
1.83986332,-782.264305101205
1.84408319,-781.760211626956
1.84830306,-781.256118152702
1.85252293,-780.752024678445
1.8567428,-780.247931204184
1.86096267,-779.743837729918
1.86518254,-779.239744255649
1.86940241,-778.735650781377
1.87362228,-778.2315573071
1.87784215,-777.727463832817
1.88206202,-777.223370358533
1.88628189,-776.719276884246
1.89050176,-776.215183409959
1.89472163,-775.71108993567
1.8989415,-775.20699646138
1.90316137,-774.702902987088
1.90738124,-774.198809512795
1.91160111,-773.694716038501
1.91582098,-773.190622564205
1.92004085,-772.686529089908
1.92426072,-772.182435615609
1.92848059,-771.678342141309
1.93270046,-771.174248667008
1.93692033,-770.670155192705
1.9411402,-770.166061718401
1.94536007,-769.661968244095
1.94957994,-769.157874769789
1.95379981,-768.65378129548
1.95801968,-768.149687821171
1.96223955,-767.64559434686
1.96645942,-767.141500872548
1.97067929,-766.637407398235
1.97489916,-766.133313923919
1.97911903,-765.629220449603
1.9833389,-765.125126975285
1.98755877,-764.621033500966
1.99177864,-764.116940026646
1.99599851,-763.612846552324
2.00021838,-763.108753078001
2.00443825,-762.604659603676
2.00865812,-762.10056612935
2.01287799,-761.596472655022
2.01709786,-761.092379180694
2.02131773,-760.588285706364
2.0255376,-760.084192232032
2.02975747,-759.580098757699
2.03397734,-759.076005283365
2.03819721,-758.57191180903
2.04241708,-758.067818334694
2.04663695,-757.563724860357
2.05085682,-757.05963138602
2.05507669,-756.555537911682
2.05929656,-756.051444437343
2.06351643,-755.547350963003
2.0677363,-755.043257488662
2.07195617,-754.539164014321
2.07617604,-754.035070539979
2.08039591,-753.530977065636
2.08461578,-753.026883591293
2.08883565,-752.522790116949
2.09305552,-752.018696642604
2.09727539,-751.514603168258
2.10149526,-751.010509693911
2.10571513,-750.506416219564
2.109935,-750.002322745215
2.11415487,-749.498229270866
2.11837474,-748.994135796517
2.12259461,-748.490042322166
2.12681448,-747.985948847814
2.13103435,-747.481855373462
2.13525422,-746.977761899109
2.13947409,-746.473668424755
2.14369396,-745.9695749504
2.14791383,-745.465481476045
2.1521337,-744.961388001689
2.15635357,-744.457294527332
2.16057344,-743.953201052974
2.16479331,-743.449107578611
2.16901318,-742.945014104248
2.17323305,-742.440920629886
2.17745292,-741.936827155524
2.18167279,-741.432733681161
2.18589266,-740.928640206798
2.19011253,-740.424546732436
2.1943324,-739.920453258074
2.19855227,-739.416359783711
2.20277214,-738.912266309348
2.20699201,-738.408172834986
2.21121188,-737.904079360624
2.21543175,-737.399985886262
2.21965162,-736.895892411899
2.22387149,-736.391798937541
2.22809136,-735.887705463184
2.23231123,-735.38361198883
2.2365311,-734.879518514478
2.24075097,-734.375425040128
2.24497084,-733.871331565781
2.24919071,-733.367238091435
2.25341058,-732.863144617092
2.25763045,-732.359051142751
2.26185032,-731.854957668412
2.26607019,-731.350864194075
2.27029006,-730.846770719741
2.27450993,-730.342677245408
2.2787298,-729.838583771078
2.28294967,-729.33449029675
2.28716954,-728.830396822424
2.29138941,-728.326303348101
2.29560928,-727.822209873779
2.29982915,-727.31811639946
2.30404902,-726.814022925145
2.30826889,-726.309929450833
2.31248876,-725.805835976524
2.31670863,-725.301742502217
2.3209285,-724.797649027914
2.32514837,-724.293555553612
2.32936824,-723.789462079313
2.33358811,-723.285368605018
2.33780798,-722.781275130725
2.34202785,-722.277181656434
2.34624772,-721.773088182146
2.35046759,-721.268994707861
2.35468746,-720.764901233579
2.35890733,-720.260807759299
2.3631272,-719.756714285022
2.36734707,-719.252620810748
2.37156694,-718.748527336477
2.37578681,-718.244433862213
2.38000668,-717.740340387958
2.38422655,-717.236246913707
2.38844642,-716.732153439459
2.39266629,-716.228059965216
2.39688616,-715.723966490977
2.40110603,-715.219873016742
2.4053259,-714.715779542511
2.40954577,-714.211686068284
2.41376564,-713.70759259406
2.41798551,-713.203499119842
2.42220538,-712.699405645627
2.42642525,-712.195312171416
2.43064512,-711.691218697209
2.43486499,-711.187125223006
2.43908486,-710.683031748807
2.44330473,-710.178938274613
2.4475246,-709.674844800422
2.45174447,-709.170751326235
2.45596434,-708.666657852056
2.46018421,-708.162564377883
2.46440408,-707.658470903713
2.46862395,-707.154377429547
2.47284382,-706.650283955382
2.47706369,-706.146190481222
2.48128356,-705.642097007064
2.48550343,-705.138003532909
2.4897233,-704.633910058758
2.49394317,-704.129816584609
2.49816304,-703.625723110463
2.50238291,-703.121629636321
2.50660278,-702.617536162181
2.51082265,-702.113442688045
2.51504252,-701.609349213911
2.51926239,-701.10525573978
2.52348226,-700.601162265653
2.52770213,-700.097068791528
2.531922,-699.592975317419
2.53614187,-699.088881843308
2.54036174,-698.584788369194
2.54458161,-698.080694895078
2.54880148,-697.576601420959
2.55302135,-697.072507946837
2.55724122,-696.568414472713
2.56146109,-696.064320998586
2.56568096,-695.560227524456
2.56990083,-695.056134050324
2.5741207,-694.55204057619
2.57834057,-694.047947102052
2.58256044,-693.543853627912
2.58678031,-693.03976015377
2.59100018,-692.535666679624
2.59522005,-692.031573205477
2.59943992,-691.527479731326
2.60365979,-691.023386257173
2.60787966,-690.519292783017
2.61209953,-690.015199308856
2.6163194,-689.51110583469
2.62053927,-689.00701236052
2.62475914,-688.502918886345
2.62897901,-687.998825412166
2.63319888,-687.494731937981
2.63741875,-686.990638463792
2.64163862,-686.486544989599
2.64585849,-685.9824515154
2.65007836,-685.478358041198
2.65429823,-684.974264566991
2.6585181,-684.47017109278
2.66273797,-683.966077618563
2.66695784,-683.461984144342
2.67117771,-682.957890670116
2.67539758,-682.453797195886
2.67961745,-681.949703721651
2.68383732,-681.445610247409
2.68805719,-680.941516773162
2.69227706,-680.437423298909
2.69649693,-679.933329824651
2.7007168,-679.429236350388
2.70493667,-678.925142876119
2.70915654,-678.421049401846
2.71337641,-677.916955927567
2.71759628,-677.412862453282
2.72181615,-676.908768978991
2.72603602,-676.404675504696
2.73025589,-675.900582030394
2.73447576,-675.396488556087
2.73869563,-674.892395081774
2.7429155,-674.388301607456
2.74713537,-673.884208133132
2.75135524,-673.380114658803
2.75557511,-672.876021184468
2.75979498,-672.371927710128
2.76401485,-671.867834235782
2.76823472,-671.36374076143
2.77245459,-670.859647287073
2.77667446,-670.355553812711
2.78089433,-669.851460338343
2.7851142,-669.347366863971
2.78933407,-668.843273389592
2.79355394,-668.339179915208
2.79777381,-667.835086440819
2.80199368,-667.330992966424
2.80621355,-666.826899492024
2.81043342,-666.322806017618
2.81465329,-665.818712543207
2.81887316,-665.314619068792
2.82309303,-664.810525594373
2.8273129,-664.306432119949
2.83153277,-663.80233864552
2.83575264,-663.298245171086
2.83997251,-662.794151696648
2.84419238,-662.290058222205
2.84841225,-661.785964747758
2.85263212,-661.281871273306
2.85685199,-660.777777798849
2.86107186,-660.273684324388
2.86529173,-659.769590849922
2.8695116,-659.265497375452
2.87373147,-658.761403900978
2.87795134,-658.2573104265
2.88217121,-657.753216952019
2.88639108,-657.249123477533
2.89061095,-656.745030003044
2.89483082,-656.24093652855
2.89905069,-655.736843054053
2.90327056,-655.232749579552
2.90749043,-654.728656105047
2.9117103,-654.224562630538
2.91593017,-653.720469156025
2.92015004,-653.216375681508
2.92436991,-652.712282206987
2.92858978,-652.208188732463
2.93280965,-651.704095257934
2.93702952,-651.200001783402
2.94124939,-650.695908308872
2.94546926,-650.191814834342
2.94968913,-649.68772135981
2.953909,-649.183627885276
2.95812887,-648.67953441074
2.96234874,-648.175440936202
2.96656861,-647.671347461662
2.97078848,-647.16725398712
2.97500835,-646.663160512576
2.97922822,-646.15906703803
2.98344809,-645.654973563482
2.98766796,-645.150880088932
2.99188783,-644.646786614381
2.9961077,-644.142693139827
3.00032757,-643.638599665271
3.00454744,-643.134506190715
3.00876731,-642.630412716157
3.01298718,-642.126319241598
3.01720705,-641.622225767036
3.02142692,-641.118132292472
3.02564679,-640.614038817907
3.02986666,-640.109945343339
3.03408653,-639.605851868769
3.0383064,-639.101758394196
3.04252627,-638.597664919621
3.04674614,-638.093571445044
3.05096601,-637.589477970464
3.05518588,-637.085384495883
3.05940575,-636.581291021299
3.06362562,-636.077197546713
3.06784549,-635.573104072125
3.07206536,-635.069010597535
3.07628523,-634.564917122942
3.0805051,-634.060823648348
3.08472497,-633.556730173752
3.08894484,-633.052636699153
3.09316471,-632.548543224552
3.09738458,-632.044449749949
3.10160445,-631.540356275344
3.10582432,-631.036262800736
3.11004419,-630.532169326126
3.11426406,-630.028075851514
3.11848393,-629.5239823769
3.1227038,-629.019888902283
3.12692367,-628.515795427664
3.13114354,-628.011701953043
3.13536341,-627.50760847842
3.13958328,-627.003515003795
3.14380315,-626.499421529166
3.14802302,-625.995328054534
3.15224289,-625.4912345799
3.15646276,-624.987141105262
3.16068263,-624.483047630622
3.1649025,-623.978954155977
3.16912237,-623.474860681331
3.17334224,-622.970767206676
3.17756211,-622.46667373201
3.18178198,-621.962580257336
3.18600185,-621.458486782652
3.19022172,-620.95439330796
3.19444159,-620.450299833259
3.19866146,-619.94620635855
3.20288133,-619.442112883832
3.2071012,-618.938019409105
3.21132107,-618.43392593437
3.21554094,-617.929832459628
3.21976081,-617.425738984877
3.22398068,-616.921645510118
3.22820055,-616.417552035358
3.23242042,-615.913458560605
3.23664029,-615.409365085853
3.24086016,-614.905271611104
3.24508003,-614.401178136357
3.2492999,-613.897084661613
3.25351977,-613.392991186871
3.25773964,-612.888897712133
3.26195951,-612.384804237396
3.26617938,-611.880710762662
3.27039925,-611.376617287931
3.27461912,-610.872523813203
3.27883899,-610.368430338477
3.28305886,-609.864336863754
3.28727873,-609.360243389033
3.2914986,-608.856149914313
3.29571847,-608.352056439593
3.29993834,-607.847962964873
3.30415821,-607.343869490154
3.30837808,-606.839776015435
3.31259795,-606.335682540717
3.31681782,-605.831589065999
3.32103769,-605.327495591282
3.32525756,-604.823402116565
3.32947743,-604.319308641848
3.3336973,-603.815215167128
3.33791717,-603.311121692407
3.34213704,-602.807028217684
3.34635691,-602.30293474296
3.35057678,-601.798841268233
3.35479665,-601.294747793505
3.35901652,-600.790654318776
3.36323639,-600.286560844046
3.36745626,-599.782467369314
3.37167613,-599.278373894581
3.375896,-598.774280419847
3.38011587,-598.270186945114
3.38433574,-597.766093470385
3.38855561,-597.261999995657
3.39277548,-596.757906520932
3.39699535,-596.253813046209
3.40121522,-595.749719571491
3.40543509,-595.245626096777
3.40965496,-594.741532622067
3.41387483,-594.237439147361
3.4180947,-593.733345672657
3.42231457,-593.229252197958
3.42653444,-592.725158723261
3.43075431,-592.221065248569
3.43497418,-591.716971773879
3.43919405,-591.212878299192
3.44341392,-590.708784824508
3.44763379,-590.204691349817
3.45185366,-589.700597875124
3.45607353,-589.196504400429
3.4602934,-588.692410925732
3.46451327,-588.188317451032
3.46873314,-587.684223976331
3.47295301,-587.180130501629
3.47717288,-586.676037026924
3.48139275,-586.171943552218
3.48561262,-585.66785007751
3.48983249,-585.163756602802
3.49405236,-584.659663128094
3.49827223,-584.155569653383
3.5024921,-583.651476178668
3.50671197,-583.147382703951
3.51093184,-582.643289229229
3.51515171,-582.139195754503
3.51937158,-581.635102279773
3.52359145,-581.13100880504
3.52781132,-580.626915330302
3.53203119,-580.12282185556
3.53625106,-579.618728380814
3.54047093,-579.114634906064
3.5446908,-578.61054143131
3.54891067,-578.10644795655
3.55313054,-577.602354481786
3.55735041,-577.098261007021
3.56157028,-576.594167532255
3.56579015,-576.090074057488
3.57001002,-575.585980582719
3.57422989,-575.08188710795
3.57844976,-574.57779363318
3.58266963,-574.073700158409
3.5868895,-573.569606683638
3.59110937,-573.065513208866
3.59532924,-572.561419734093
3.59954911,-572.057326259321
3.60376898,-571.55323278455
3.60798885,-571.04913930978
3.61220872,-570.545045835013
3.61642859,-570.040952360246
3.62064846,-569.536858885482
3.62486833,-569.03276541072
3.6290882,-568.52867193596
3.63330807,-568.024578461201
3.63752794,-567.520484986446
3.64174781,-567.016391511692
3.64596768,-566.512298036942
3.65018755,-566.008204562195
3.65440742,-565.50411108745
3.65862729,-565.000017612708
3.66284716,-564.495924137973
3.66706703,-563.991830663243
3.6712869,-563.487737188516
3.67550677,-562.98364371379
3.67972664,-562.479550239067
3.68394651,-561.975456764346
3.68816638,-561.471363289627
3.69238625,-560.967269814909
3.69660612,-560.463176340193
3.70082599,-559.959082865477
3.70504586,-559.454989390762
3.70926573,-558.950895916048
3.7134856,-558.446802441335
3.71770547,-557.942708966621
3.72192534,-557.438615491908
3.72614521,-556.934522017197
3.73036508,-556.430428542487
3.73458495,-555.926335067778
3.73880482,-555.422241593071
3.74302469,-554.918148118365
3.74724456,-554.414054643662
3.75146443,-553.90996116896
3.7556843,-553.40586769426
3.75990417,-552.901774219561
3.76412404,-552.397680744865
3.76834391,-551.89358727017
3.77256378,-551.389493795476
3.77678365,-550.885400320784
3.78100352,-550.381306846093
3.78522339,-549.877213371404
3.78944326,-549.373119896716
3.79366313,-548.86902642203
3.797883,-548.364932947344
3.80210287,-547.86083947266
3.80632274,-547.356745997977
3.81054261,-546.852652523297
3.81476248,-546.348559048618
3.81898235,-545.84446557394
3.82320222,-545.340372099265
3.82742209,-544.836278624594
3.83164196,-544.332185149928
3.83586183,-543.828091675266
3.8400817,-543.323998200609
3.84430157,-542.819904725957
3.84852144,-542.31581125131
3.85274131,-541.811717776667
3.85696118,-541.307624302029
3.86118105,-540.803530827395
3.86540092,-540.299437352764
3.86962079,-539.795343878135
3.87384066,-539.291250403508
3.87806053,-538.787156928884
3.8822804,-538.283063454262
3.88650027,-537.778969979642
3.89072014,-537.274876505023
3.89494001,-536.770783030404
3.89915988,-536.266689555787
3.90337975,-535.762596081168
3.90759962,-535.258502606548
3.91181949,-534.754409131927
3.91603936,-534.250315657304
3.92025923,-533.746222182674
3.9244791,-533.242128708055
3.92869897,-532.738035233473
3.93291884,-532.233941758932
3.93713871,-531.729848284454
3.94135858,-531.225754810185
3.94557845,-530.721661335806
3.94979832,-530.217567861657
3.95401819,-529.71347438656
3.95823806,-529.20938091044
3.96245793,-528.705287432885
3.9666778,-528.201193947128
3.97089767,-527.697100469375
3.97511754,-527.19300700062
3.97933741,-526.688913544596
3.98355728,-526.184820087824
3.98777715,-525.680726623254
3.99199702,-525.176633174741
3.99621689,-524.672539701555
4.00043676,-524.168446142416
4.00465663,-523.664352538729
4.0088765,-523.160258907174
4.01309637,-522.656164894842
4.01731624,-522.152071862619
4.02153611,-521.647980408372
4.02575598,-521.143889125832
4.02997585,-520.639802712051
4.03419572,-520.135721798977
4.03841559,-519.63162464537
4.04263546,-519.127512161459
4.04685533,-518.623407444942
4.0510752,-518.119305810822
4.05529507,-517.615618408607
4.05951494,-517.111844445714
4.06373481,-516.607948175362
4.06795468,-516.103355510739
4.07217455,-515.597962765424
4.07639442,-515.09266286155
4.08061429,-514.59618076921
4.08483416,-514.169732951882
4.08905403,-514.032713633581
4.0932739,-513.917694752754
4.09749377,-513.829987759654
4.10171364,-513.767128993267
4.10593351,-513.713607092585
4.11015338,-513.672788279868
4.11437325,-513.644965849181
4.11859312,-513.620992685826
4.12281299,-513.597800508724
4.12703286,-513.576535249471
4.13125273,-513.557016813349
4.1354726,-513.539522254832
4.13969247,-513.524080350936
4.14391234,-513.509756565688
4.14813221,-513.49664097134
4.15235208,-513.48485732084
4.15657195,-513.474251386251
4.16079182,-513.464790091037
4.16501169,-513.456188599808
4.16923156,-513.448391694753
4.17345143,-513.441377197673
4.1776713,-513.4351547387
4.18189117,-513.429683053571
4.18611104,-513.424824163969
4.19033091,-513.420564175411
4.19455078,-513.41688296651
4.19877065,-513.413842368002
4.20299052,-513.41140076911
4.20721039,-513.409469340719
4.21143026,-513.408072783369
4.21565013,-513.407224768956
4.21987,-513.406915681988
